-0.161,-0.1206,Bacteria,Firmicutes,Bacilli,Lactobacillales,Streptococcaceae,Streptococcus,NA,TACGTAGGTCCCGAGCGTTGTCCGGATTTATTGGGCGTAAAGCGAGCGCAGGCGGTTAGATAAGTCTGAAGTTAAAGGCTGTGGCTTAACCATAGTACGCTTTGGAAACTGTTTAACTTGAGTGCAAGAGGGGAGAGTGGAATTCCATGTGTAGCGGTGAAATGCGTAGATATATGGAGGAACACCGGTGGCGAAAGCGGCTCTCTGGCTTGTAACTGACGCTGAGGCTCGAAAGCGTGGGGAGCAAACAGG,ASV1
-0.1775,-0.09611,Bacteria,Proteobacteria,Gammaproteobacteria,Pasteurellales,Pasteurellaceae,Haemophilus,NA,TACGGAGGGTGCGAGCGTTAATCGGAATAACTGGGCGTAAAGGGCACGCAGGCGGTGACTTAAGTGAGGTGTGAAAGCCCCGGGCTTAACCTGGGAATTGCATTTCATACTGGGTCGCTAGAGTACTTTAGGGAGGGGTAGAATTCCACGTGTAGCGGTGAAATGCGTAGAGATGTGGAGGAATACCGAAGGCGAAGGCAGCCCCTTGGGAATGTACTGACGCTCATGTGCGAAAGCGTGGGGAGCAAACAGG,ASV2
0.14156,0.021371,Bacteria,Firmicutes,Negativicutes,Veillonellales-Selenomonadales,Veillonellaceae,Veillonella,atypica/dispar,TACGTAGGTGGCAAGCGTTGTCCGGAATTATTGGGCGTAAAGCGCGCGCAGGCGGATTGGTCAGTCTGTCTTAAAAGTTCGGGGCTTAACCCCGTGATGGGATGGAAACTGCCAATCTAGAGTATCGGAGAGGAAAGTGGAATTCCTAGTGTAGCGGTGAAATGCGTAGATATTAGGAAGAACACCAGTGGCGAAGGCGACTTTCTGGACGAAAACTGACGCTGAGGCGCGAAAGCCAGGGGAGCGAACGGG,ASV4
-0.032524,0.024276,Bacteria,Bacteroidota,Bacteroidia,Bacteroidales,Prevotellaceae,Prevotella,melaninogenica,TACGGAAGGTCCAGGCGTTATCCGGATTTATTGGGTTTAAAGGGAGCGTAGGCTGGAGATTAAGTGTGTTGTGAAATGTAGACGCTCAACGTCTGAATTGCAGCGCATACTGGTTTCCTTGAGTACGCACAACGTTGGCGGAATTCGTCGTGTAGCGGTGAAATGCTTAGATATGACGAAGAACTCCGATTGCGAAGGCAGCTGACGGGAGCGCAACTGACGCTTAAGCTCGAAGGTGCGGGTATCAAACAGG,ASV6
-0.14477,0.022229,Bacteria,Proteobacteria,Gammaproteobacteria,Burkholderiales,Neisseriaceae,Neisseria,NA,TACGTAGGGTGCGAGCGTTAATCGGAATTACTGGGCGTAAAGCGAGCGCAGACGGTTACTTAAGCAGGATGTGAAATCCCCGGGCTCAACCTGGGAACTGCGTTCTGAACTGGGTGACTAGAGTGTGTCAGAGGGAGGTAGAATTCCACGTGTAGCAGTGAAATGCGTAGAGATGTGGAGGAATACCGATGGCGAAGGCAGCCTCCTGGGATAACACTGACGTTCATGCTCGAAAGCGTGGGTAGCAAACAGG,ASV8
0.023302,-0.039009,Bacteria,Firmicutes,Bacilli,Lactobacillales,Streptococcaceae,Streptococcus,NA,TACGTAGGTCCCGAGCGTTGTCCGGATTTATTGGGCGTAAAGCGAGCGCAGGCGGTTTGATAAGTCTGAAGTTAAAGGCTGTGGCTCAACCATAGTTCGCTTTGGAAACTGTCAAACTTGAGTGCAGAAGGGGAGAGTGGAATTCCATGTGTAGCGGTGAAATGCGTAGATATATGGAGGAACACCGGTGGCGAAAGCGGCTCTCTGGTCTGTAACTGACGCTGAGGCTCGAAAGCGTGGGGAGCGAACAGG,ASV9
-0.091285,0.05679,Bacteria,Firmicutes,Negativicutes,Veillonellales-Selenomonadales,Veillonellaceae,Veillonella,parvula/rogosae/tobetsuensis,TACGTAGGTGGCAAGCGTTGTCCGGAATTATTGGGCGTAAAGCGCGCGCAGGCGGATCAGTCAGTCTGTCTTAAAAGTTCGGGGCTTAACCCCGTGATGGGATGGAAACTGCTGATCTAGAGTATCGGAGAGGAAAGTGGAATTCCTAGTGTAGCGGTGAAATGCGTAGATATTAGGAAGAACACCAGTGGCGAAGGCGACTTTCTGGACGAAAACTGACGCTGAGGCGCGAAAGCCAGGGGAGCGAACGGG,ASV10
-0.17781,-0.16093,Bacteria,Firmicutes,Bacilli,Staphylococcales,Gemellaceae,Gemella,NA,TACGTAGGTGGCAAGCGTTGTCCGGAATTATTGGGCGTAAAGCGCGCGCAGGTGGTTTAATAAGTCTGATGTGAAAGCCCACGGCTCAACCGTGGAGGGTCATTGGAAACTGTTAAACTTGAGTGCAGGAGAGAAAAGTGGAATTCCTAGTGTAGCGGTGAAATGCGTAGAGATTAGGAGGAACACCAGTGGCGAAGGCGGCTTTTTGGCCTGTAACTGACACTGAGGCGCGAAAGCGTGGGGAGCAAACAGG,ASV12
-0.071709,-0.15596,Bacteria,Actinobacteriota,Actinobacteria,Micrococcales,Micrococcaceae,Rothia,dentocariosa,TACGTAGGGCGCGAGCGTTGTCCGGAATTATTGGGCGTAAAGAGCTTGTAGGCGGTTGGTCGCGTCTGCTGTGAAAGGCTGGGGCTTAACCCTGGTTTTGCAGTGGGTACGGGCTAACTAGAGTGCAGTAGGGGAGACTGGAATTCCTGGTGTAGCGGTGGAATGCGCAGATATCAGGAGGAACACCGATGGCGAAGGCAGGTCTCTGGGCTGTAACTGACGCTGAGAAGCGAAAGCATGGGGAGCGAACAGG,ASV13
0.16054,0.07957,Bacteria,Bacteroidota,Bacteroidia,Bacteroidales,Prevotellaceae,Prevotella,histicola,TACGGAAGGTCCGGGCGTTATCCGGATTTATTGGGTTTAAAGGGAGCGTAGGCTGGAGATTAAGTGTGTTGTGAAATGTAGACGCTCAACGTCTGACTTGCAGCGCATACTGGTTTCCTTGAGTACGCACAACGTTGGCGGAATTCGTCGTGTAGCGGTGAAATGCTTAGATATGACGAAGAACTCCGATTGCGAAGGCAGCTGACGGGAGCGCAACTGACGCTGAAGCTCGAAGGTGCGGGTATCGAACAGG,ASV16
-0.19079,-0.028027,Bacteria,Bacteroidota,Bacteroidia,Bacteroidales,Porphyromonadaceae,Porphyromonas,pasteri,TACGGAGGATGCGAGCGTTATCCGGATTTATTGGGTTTAAAGGGTGCGTAGGCGGCCTGTTAAGTCAGCGGTGAAATCTAGGAGCTTAACTCCTAAATTGCCATTGATACTGGCGGGCTTGAGTGTAGATGAGGTAGGCGGAATGCGTGGTGTAGCGGTGGAATGCATAGATATCACGCAGAACTCCGATTGCGAAGGCAGCTTACTAAGGTACAACTGACGCTGAAGCACGAAAGCGTGGGTATCAAACAGG,ASV17
-0.018658,-0.087603,Bacteria,Firmicutes,Bacilli,Lactobacillales,Streptococcaceae,Streptococcus,NA,TACGTAGGTCCCGAGCGTTGTCCGGATTTATTGGGCGTAAAGCGAGCGCAGGCGGTTAGATAAGTCTGAAGTTAAAGGCTGTGGCTTAACCATAGTACGCTTTGGAAACTGTTTAACTTGAGTGCAGAAGGGGAGAGTGGAATTCCATGTGTAGCGGTGAAATGCGTAGATATATGGAGGAACACCGGTGGCGAAAGCGGCTCTCTGGTCTGTAACTGACGCTGAGGCTCGAAAGCGTGGGGAGCGAACAGG,ASV19
-0.066166,0.004046,Bacteria,Proteobacteria,Gammaproteobacteria,Pasteurellales,Pasteurellaceae,Aggregatibacter,segnis,TACGGAGGGTGCGAGCGTTAATCGGAATAACTGGGCGTAAAGGGCACGCAGGCGGCTATTTAAGTGAGGTGTGAAATCCCCGGGCTTAACCTGGGAATTGCATTTCAGACTGGGTAGCTAGAGTACTTTAGGGAGGGGTAGAATTCCACGTGTAGCGGTGAAATGCGTAGAGATGTGGAGGAATACCGAAGGCGAAGGCAGCCCCTTGGGAATGTACTGACGCTCATGTGCGAAAGCGTGGGGAGCAAACAGG,ASV20
0.043409,0.097794,Bacteria,Actinobacteriota,Actinobacteria,Actinomycetales,Actinomycetaceae,Actinomyces,odontolyticus,TACGTAGGGCGCGAGCGTTGTCCGGAATTATTGGGCGTAAAGGGCTTGTAGGCGGTTGGTCGCGTCTGCCGTGAAATCCTCTGGCTTAACTGGGGGCGTGCGGTGGGTACGGGCTGACTTGAGTGCGGTAGGGGAGACTGGAACTCCTGGTGTAGCGGTGGAATGCGCAGATATCAGGAAGAACACCGGTGGCGAAGGCGGGTCTCTGGGCCGTTACTGACGCTGAGGAGCGAAAGCGTGGGGAGCGAACAGG,ASV21
0.13647,0.22486,Bacteria,Fusobacteriota,Fusobacteriia,Fusobacteriales,Leptotrichiaceae,Leptotrichia,NA,TACGTATGTCGCAAGCGTTATCCGGAATTATTGGGCATAAAGGGCATCTAGGCGGCCAGATAAGTCTGGGGTGAAAACTTGCGGCTCAACCGCAAGCCTGCCCTGGAAACTATGTGGCTAGAGTACTGGAGAGGTGGACGGAACTGCACGAGTAGAGGTGAAATTCGTAGATATGTGCAGGAATGCCGATGATGAAGATAGTTCACTGGACGGTAACTGACGCTGAAGTGCGAAAGCTAGGGGAGCAAACAGG,ASV23
-0.026606,-0.024143,Bacteria,Firmicutes,Negativicutes,Veillonellales-Selenomonadales,Veillonellaceae,Veillonella,massiliensis,TACGTAGGTGGCAAGCGTTGTCCGGAATTATTGGGCGTAAAGCGCGCGCAGGCGGCCTATCCAGTCTGTCTTAAAAGTTCGGGGCTCAACCCCGTGATGGGATGGAAACTAGTAGGCTAGAGTATCGGAGAGGAAAGCGGAATTCCTAGTGTAGCGGTGAAATGCGTAGATATTAGGAAGAACACCAGTGGCGAAGGCGGCTTTCTGGACGAAAACTGACGCTGAGGCGCGAAAGCCAGGGGAGCGAACGGG,ASV28
-0.043217,0.004518,Bacteria,Firmicutes,Bacilli,Lactobacillales,Carnobacteriaceae,Granulicatella,elegans,TACGTAGGTGGCAAGCGTTGTCCGGATTTATTGGGCGTAAAGCGAGCGCAGGCGGTCAATTAAGTCTGATGTGAAAGCCCCCGGCTCAACCGGGGAGGGTCATTGGAAACTGGTTGACTTGAGTGCAGAAGAGGAGAGTGGAATTCCATGTGTAGCGGTGAAATGCGTAGATATATGGAGGAACACCAGTGGCGAAGGCGACTCTCTGGTCTGTAACTGACGCTGAGGCTCGAAAGCGTGGGTAGCAAACAGG,ASV29
-0.098638,0.015239,Bacteria,Bacteroidota,Bacteroidia,Bacteroidales,Prevotellaceae,Alloprevotella,NA,TACGGAAGGTCCAGGCGTTATCCGGATTTATTGGGTTTAAAGGGAGCGTAGGCGGATTATTAAGTCAGTGGTGAAAGACGGTGGCTCAACCATCGTTAGCCATTGAAACTGGTAGTCTTGAGTGCAGACAGGGATGCTGGAACTCGTGGTGTAGCGGTGAAATGCTTAGATATCACGATGAACTCCGATCGCGAAGGCAGGTGTCCGGGCTGCAACTGACGCTGAGGCTCGAAAGTGTGGGTATCAAACAGG,ASV30
-0.14968,-0.15177,Bacteria,Firmicutes,Bacilli,Lactobacillales,Carnobacteriaceae,Granulicatella,adiacens/para-adiacens,TACGTAGGTGGCAAGCGTTGTCCGGATTTATTGGGCGTAAAGCGAGCGCAGGCGGTTCCTTAAGTCTGATGTGAAAGCCCCCGGCTCAACCGGGGAGGGTCATTGGAAACTGGGGAACTTGAGTGCAGAAGAGGAGAGTGGAATTCCATGTGTAGCGGTGAAATGCGTAGATATATGGAGGAACACCAGTGGCGAAGGCGACTCTCTGGTCTGTAACTGACGCTGAGGCTCGAAAGCGTGGGTAGCAAACAGG,ASV31
0.052355,0.11167,Bacteria,Bacteroidota,Bacteroidia,Bacteroidales,Prevotellaceae,Prevotella,melaninogenica,TACGGAAGGTCCAGGCGTTATCCGGATTTATTGGGTTTAAAGGGAGCGTAGGCTGGAGATTAAGTGTGTTGTGAAATGTAGACGCTCAACGTCTGACTTGCAGCGCATACTGGTTTCCTTGAGTACGCACAACGTTGGCGGAATTCGTCGTGTAGCGGTGAAATGCTTAGATATGACGAAGAACTCCGATTGCGAAGGCAGCTGACGGGAGCGCAACTGACGCTTAAGCTCGAAGGTGCGGGTATCAAACAGG,ASV32
-0.12343,0.063389,Bacteria,Fusobacteriota,Fusobacteriia,Fusobacteriales,Fusobacteriaceae,Fusobacterium,periodonticum,TACGTATGTCACAAGCGTTATCCGGATTTATTGGGCGTAAAGCGCGTCTAGGTGGTTATGTAAGTCTGATGTGAAAATGCAGGGCTCAACTCTGTATTGCGTTGGAAACTGCATGACTAGAGTACTGGAGAGGTAAGCGGAACTACAAGTGTAGAGGTGAAATTCGTAGATATTTGTAGGAATGCCGATGGGGAAGCCAGCTTACTGGACAGATACTGACGCTAAAGCGCGAAAGCGTGGGTAGCAAACAGG,ASV33
-0.06155,-0.11914,Bacteria,Firmicutes,Bacilli,Lactobacillales,Streptococcaceae,Streptococcus,cristatus/sinensis,TACGTAGGTCCCGAGCGTTGTCCGGATTTATTGGGCGTAAAGCGAGCGCAGGCGGTTAGATAAGTCTGAAGTTAAAGGCTGTGGCTTAACCATAGTACGCTTTGGAAACTGTTTAACTTGAGTGCAGAAGGGGAGAGTGGAATTCCATGTGTAGCGGTGAAATGCGTAGATATATGGAGGAACACCGGTGGCGAAAGCGGCTCTCTGGTCTGTAACTGACGCTGAGGCTCGAAAGCGTGGGGAGCAAACAGG,ASV36
0.13224,0.17094,Bacteria,Bacteroidota,Bacteroidia,Bacteroidales,Prevotellaceae,Prevotella,jejuni/melaninogenica,TACGGAAGGTCCGGGCGTTATCCGGATTTATTGGGTTTAAAGGGAGCGTAGGCCGGAGATTAAGTGTGTTGTGAAATGTAGACGCTCAACGTCTGACTTGCAGCGCATACTGGTTTCCTTGAGTACGCACAACGTTGGCGGAATTCGTCGTGTAGCGGTGAAATGCTTAGATATGACGAAGAACTCCGATTGCGAAGGCAGCTGACGGGAGCGCAACTGACGCTTAAGCTCGAAGGTGCGGGTATCGAACAGG,ASV37
-0.11105,-0.016661,Bacteria,Actinobacteriota,Actinobacteria,Micrococcales,Micrococcaceae,Rothia,mucilaginosa,TACGTAGGGCGCGAGCGTTGTCCGGAATTATTGGGCGTAAAGAGCTTGTAGGCGGTTTGTCGCGTCTGCTGTGAAAGGCCGGGGCTTAACCCCGTGTATTGCAGTGGGTACGGGCAGACTAGAGTGCAGTAGGGGAGACTGGAATTCCTGGTGTAGCGGTGGAATGCGCAGATATCAGGAGGAACACCGATGGCGAAGGCAGGTCTCTGGGCTGTAACTGACGCTGAGAAGCGAAAGCATGGGGAGCGAACAGG,ASV42
-0.055742,-0.18184,Bacteria,Firmicutes,Bacilli,Lactobacillales,Streptococcaceae,Streptococcus,NA,TACGTAGGTCCCGAGCGTTATCCGGATTTATTGGGCGTAAAGCGAGCGCAGGCGGTTAGATAAGTCTGAAGTTAAAGGCTGTGGCTTAACCATAGTACGCTTTGGAAACTGTTTAACTTGAGTGCAGAAGGGGAGAGTGGAATTCCATGTGTAGCGGTGAAATGCGTAGATATATGGAGGAACACCGGTGGCGAAAGCGGCTCTCTGGTCTGTAACTGACGCTGAGGCTCGAAAGCGTGGGGAGCAAACAGG,ASV43
0.11062,0.13714,Bacteria,Bacteroidota,Bacteroidia,Bacteroidales,Prevotellaceae,Alloprevotella,NA,TACGGAAGGTCCAGGCGTTATCCGGATTTATTGGGTTTAAAGGGAGCGTAGGCGGATTGTTAAGTCAGCGGTTAAAGGGTGTGGCTCAACCATGCATTGCCGTTGAAACTGGCGATCTTGAGTGCAGACAGGGATGCCGGAATTCGTGGTGTAGCGGTGAAATGCTTAGATATCACGAAGAACTCCGATCGCGAAGGCAGGTGTCCGGGCTGCAACTGACGCTGAGGCTCGAAAGTGTGGGTATCAAACAGG,ASV46
-0.13045,-0.018248,Bacteria,Bacteroidota,Bacteroidia,Flavobacteriales,Flavobacteriaceae,Capnocytophaga,leadbetteri,TACGGAGGATGCGAGCGTTATCCGGAATCATTGGGTTTAAAGGGTCCGTAGGCGGGCTAATAAGTCAGAGGTGAAAGCGCTCAGCTCAACTGAGCAACTGCCTTTGAAACTGTTAGTCTTGAATGGTTGTGAAGTAGTTGGAATGTGTAGTGTAGCGGTGAAATGCTTAGATATTACACAGAACACCGATAGCGAAGGCATATTACTAACAATTAATTGACGCTGATGGACGAAAGCGTGGGGAGCGAACAGG,ASV50
-0.098467,0.052914,Bacteria,Bacteroidota,Bacteroidia,Bacteroidales,Prevotellaceae,Prevotella,nanceiensis,TACGGAAGGTCCAGGCGTTATCCGGATTTATTGGGTTTAAAGGGTGCGTAGGCCGTTTGATAAGCGTGCTGTGAAATATAGTGGCTCAACCTCTATCGTGCAGCGCGAACTGTTGAACTTGAGTGCGTAGTAGGTAGGCGGAATTCGTGGTGTAGCGGTGAAATGCTTAGATATCACGAAGAACTCCGATTGCGAAGGCAGCTTACCGTAACGTTACTGACGCTTAAGCACGAAGGTGCGGGTATCGAACAGG,ASV53
0.0042189,0.039771,Bacteria,Firmicutes,Negativicutes,Veillonellales-Selenomonadales,Veillonellaceae,Veillonella,atypica/parvula,TACGTAGGTGGCAAGCGTTGTCCGGAATTATTGGGCGTAAAGCGCGCGCAGGCGGATCAGTTAGTCTGTCTTAAAAGTTCGGGGCTTAACCCCGTGATGGGATGGAAACTGCTGATCTAGAGTATCGGAGAGGAAAGTGGAATTCCTAGTGTAGCGGTGAAATGCGTAGATATTAGGAAGAACACCAGTGGCGAAGGCGACTTTCTGGACGAAAACTGACGCTGAGGCGCGAAAGCCAGGGGAGCGAACGGG,ASV54
0.18783,0.14612,Bacteria,Firmicutes,Negativicutes,Veillonellales-Selenomonadales,Veillonellaceae,Veillonella,NA,TACGTAGGTGGCAAGCGTTGTCCGGAATTATTGGGCGTAAAGGGCGCGCAGGCGGCTTCTTAAGTCTGTCTTAAAAGTGCGGGGCTTAACCCCGTGATGGGATGGAAACTGGGAAGCTCAGAGTATCGGAGAGGAAAGCGGAATTCCTAGTGTAGCGGTGAAATGCGTAGATATTAGGAGGAACACCAGTGGCGAAAGCGGCTTTCTGGACGAAAACTGACGCTGAGGCGCGAAAGCCAGGGGAGCGAACGGG,ASV56
0.088945,0.13598,Bacteria,Actinobacteriota,Actinobacteria,Actinomycetales,Actinomycetaceae,Actinomyces,NA,TACGTAGGGCGCGAGCGTTGTCCGGAATTATTGGGCGTAAAGGGCTTGTAGGCGGTTGGTCGCGTCTGCCGTGAAATTCTCTGGCTTAACTGGGGGCGTGCGGTGGGTACGGGCTGACTTGAGTGCGGTAGGGGAGACTGGAACTCCTGGTGTAGCGGTGGAATGCGCAGATATCAGGAAGAACACCGGTGGCGAAGGCGGGTCTCTGGGCCGTTACTGACGCTGAGGAGCGAAAGCGTGGGGAGCGAACAGG,ASV57
0.18145,0.15024,Bacteria,Bacteroidota,Bacteroidia,Bacteroidales,Prevotellaceae,Prevotella,salivae,TACGGAAGGTCCAGGCGTTATCCGGATTTATTGGGTTTAAAGGGAGCGTAGGCCGTGGATTAAGCGTGTTGTGAAATGTAGACGCTCAACGTCTGAATTGCAGCGCGAACTGGTTCACTTGAGTATGCACAACGTAGGCGGAATTCGTCGTGTAGCGGTGAAATGCTTAGATATGACGAAGAACTCCGATTGCGAAGGCAGCTTACGGGAGCACAACTGACGCTGAAGCTCGAAGGTGCGGGTATCAAACAGG,ASV64
-0.015761,0.053451,Bacteria,Bacteroidota,Bacteroidia,Bacteroidales,Prevotellaceae,Prevotella,pallens,TACGGAAGGTCCAGGCGTTATCCGGATTTATTGGGTTTAAAGGGAGTGTAGGCGGTTTGTTAAGCGTGTTGTGAAATTTAGGTGCTCAACATTTAACTTGCAGCGCGAACTGTCAGACTTGAGTACACGCAACGTATGCGGAATTCATGGTGTAGCGGTGAAATGCTTAGATATCATGAAGAACTCCGATTGCGAAGGCAGCATACGGGAGTGTAACTGACGCTTAAGCTCGAAGGTGCGGGTATCGAACAGG,ASV67
0.15898,0.15587,Bacteria,Bacteroidota,Bacteroidia,Bacteroidales,Prevotellaceae,Prevotella,NA,TACGGAAGGTTCGGGCGTTATCCGGATTTATTGGGTTTAAAGGGAGCGTAGGCCGGAGATTAAGTGTGTTGTGAAATGTAGACGCTCAACGTCTGACTTGCAGCGCATACTGGTTTCCTTGAGTACGCACAACGTTGGCGGAATTCGTCGTGTAGCGGTGAAATGCTTAGATATGACGAAGAACTCCGATTGCGAAGGCAGCTGACGGGAGCGCAACTGACGCTGAAGCTCGAAGGTGCGGGTATCGAACAGG,ASV77
0.082585,0.11233,Bacteria,Bacteroidota,Bacteroidia,Bacteroidales,Prevotellaceae,Prevotella,NA,TACGGAAGGTCCAGGCGTTATCCGGATTTATTGGGTTTAAAGGGAGTGTAGGCGGTTTGTTAAGCGTGTTGTGAAATTTAGATGCTCAACATTTAACTTGCAGCGCGAACTGTCAGACTTGAGTACACGCAACGTATGCGGAATTCATGGTGTAGCGGTGAAATGCTTAGATATCATGAAGAACTCCGATTGCGAAGGCAGCATACGGGAGTGTAACTGACGCTTAAGCTCGAAGGTGCGGGTATCGAACAGG,ASV78
0.12228,0.1687,Bacteria,Fusobacteriota,Fusobacteriia,Fusobacteriales,Leptotrichiaceae,Leptotrichia,NA,TACGTATGTCGCGAGCGTTATCCGGAATTATTGGGCATAAAGGGCATCTAGGCGGATATACAAGTCAGGGGTGAAAACTTAGGGCTCAACTCAAAGCTTGCCTTTGAAACTGTATATCTAGAGTGCTGGAGAGGTGGACGGAACTACACGAGTAGAGGTGAAATTCGTAGATATGTGTAGGAATGCCGATGATGAAGATAGTCCACTGGACAGCAACTGACGCTGAAGTGCGAAAGCTAGGGGAGCAAACAGG,ASV80
-0.09691,-0.085,Bacteria,Firmicutes,Bacilli,Lactobacillales,Streptococcaceae,Streptococcus,NA,TACGTAGGTCCCGAGCGTTATCCGGATTTATTGGGCGTAAAGCGAGCGCAGGCGGTTAGATAAGTCTGAAGTTAAAGGCTGTGGCTTAACCATAGTACGCTTTGGAAACTGTTTAACTTGAGTGCAAGAGGGGAGAGTGGAATTCCATGTGTAGCGGTGAAATGCGTAGATATATGGAGGAACACCGGTGGCGAAAGCGGCTCTCTGGCTTGTAACTGACGCTGAGGCTCGAAAGCGTGGGGAGCAAACAGG,ASV83
0.13316,0.14892,Bacteria,Actinobacteriota,Actinobacteria,Actinomycetales,Actinomycetaceae,Actinomyces,graevenitzii,TACGTAGGGCGCAAGCGTTGTCCGGAATTATTGGGCGTAAAGAGCTCGTAGGCGGCTGGTCGCGTCTGTCGTGAAAACTTCCGGCTCAACCGGGGGCTTGCGGTGGGTACGGGCCGGCTAGAGTGCGGTAGGGGTAACTGGAACTCCTGGTGTAGCGGTGGAATGCGCAGATATCAGGAAGAACACCGATGGCGAAGGCAGGTTACTGGGCCGTTACTGACGCTGAGGAGCGAAAGCGTGGGGAGCGAACAGG,ASV85
-0.1319,0.027665,Bacteria,Fusobacteriota,Fusobacteriia,Fusobacteriales,Leptotrichiaceae,Leptotrichia,NA,TACGTATGTCGCGAGCGTTATCCGGAATTATTGGGCATAAAGGGCATCTAGGCGGCCTTTCAAGTCAGGGGTGAAAACCTGCGGCTCAACCGCAGGCCTGCCTTTGAAACTGATAGGCTGGAGTACCGGAGAGGTGGACGGAACTGCACGAGTAGAGGTGAAATTCGTAGATATGTGCAGGAATGCCGATGATGAAGATAGTTCACTGGACGGTAACTGACGCTGAAGTGCGAAAGCCGGGGGAGCGAACAGG,ASV88
0.14327,0.20266,Bacteria,Firmicutes,Negativicutes,Veillonellales-Selenomonadales,Selenomonadaceae,Selenomonas,NA,TACGTAGGTGGCGAGCGTTGTCCGGAATCATTGGGCGTAAAGGGAGCGCAGGCGGGCCGGTAAGTCTTACTTAAAAGTGCGGGGCTCAACCCCGTGATGGGAGAGAAACTATCGGTCTTGAGTACAGGAGAGGAAAGCGGAATTCCCAGTGTAGCGGTGAAATGCGTAGATATTGGGAAGAACACCAGTGGCGAAGGCGGCTTTCTGGACTGCAACTGACGCTGAGGCTCGAAAGCCAGGGGAGCGAACGGG,ASV95
-0.12694,0.053127,Bacteria,Firmicutes,Clostridia,Lachnospirales,Lachnospiraceae,Lachnoanaerobaculum,cf.,TACGTAGGGGGCAAGCGTTATCCGGATTTACTGGGTGTAAAGGGAGCGCAGACGGCAATGCAAGTCTGAAGTGAAAGGCGTGGGCTCAACCCATGAACTGCTTTGGAAACTGTATAGCTTGAGTGTCGGAGGGGTAAGCGGAATTCCTAGTGTAGCGGTGAAATGCGTAGATATTAGGAGGAACACCGGAGGCGAAGGCGGCTTACTGGACGACAACTGACGTTGAGGCTCGAAGGCGTGGGGAGCAAACAGG,ASV99
0.14002,-0.0061943,Bacteria,Actinobacteriota,Actinobacteria,Micrococcales,Micrococcaceae,Rothia,mucilaginosa,TACGTAGGGCGCGAGCGTTGTCCGGAATTATTGGGCGTAAAGAGCTTGTAGGCGGTTTGTCGCGTCTGCTGTGAAAGGCCGGGGCTTAACCCCGTGTATTGCAGTGGGTACGGGCAGACTAGAGTGCAGTAGGGGAGACTGGAACTCCTGGTGTAGCGGTGGAATGCGCAGATATCAGGAAGAACACCGATGGCGAAGGCAGGTCTCTGGGCTGTAACTGACGCTGAGAAGCGAAAGCATGGGGAGCGAACAGG,ASV103
-0.15259,-0.051472,Bacteria,Bacteroidota,Bacteroidia,Flavobacteriales,Weeksellaceae,Bergeyella,NA,TACGGAGGGTGCAAGCGTTATCCGGATTTATTGGGTTTAAAGGGTCCGTAGGTGGGCTGATAAGTCAGCGGTGAAATCCTGCAGCTTAACTGTAGAACTGCCGTTGATACTGTTAGTCTTGAGTGTATTTGAAGTGGCTGGAATAAGTAGTGTAGCGGTGAAATGCATAGATATTACTTAGAACACCAATTGCGAAGGCAGGTCACTAAGATACAACTGACGCTGAGGGACGAAAGCGTGGGGAGCGAACAGG,ASV106
0.18138,0.13533,Bacteria,Actinobacteriota,Coriobacteriia,Coriobacteriales,Atopobiaceae,Atopobium,parvulum,TACGTAGGGGGCAAGCGTTATCCGGATTCATTGGGCGTAAAGCGCTCGTAGGCGGTCTGTTAGGTCGGGAGTTAAATCCGGGGGCTCAACCCCCGTTCGCTCCCGATACCGGCAGACTTGAGTTTGGTAGGGGAAGGTGGAATTCCTAGTGTAGCGGTGGAATGCGCAGATATTAGGAAGAACACCAGTGGCGAAGGCGGCCTTCTGGGCCATAACTGACGCTGAGGAGCGAAAGCTAGGGGAGCAAACAGG,ASV112
-0.051168,0.017182,Bacteria,Campilobacterota,Campylobacteria,Campylobacterales,Campylobacteraceae,Campylobacter,concisus,TACGGAGGGTGCAAGCGTTACTCGGAATCACTGGGCGTAAAGGACGCGTAGGCGGATTATCAAGTCTCTTGTGAAATCCTATGGCTTAACCATAGAACTGCTTGGGAAACTGATAATCTAGAGTGAGGGAGAGGCAGATGGAATTGGTGGTGTAGGGGTAAAATCCGTAGAGATCACCAGGAATACCCATTGCGAAGGCGATCTGCTGGAACTCAACTGACGCTAATGCGTGAAAGCGTGGGGAGCAAACAGG,ASV115
0.1511,0.19611,Bacteria,Firmicutes,Clostridia,Lachnospirales,Lachnospiraceae,Lachnoanaerobaculum,orale/saburreum,TACGTAGGGGGCAAGCGTTATCCGGATTTACTGGGTGTAAAGGGAGCGCAGACGGCGAAGCAAGTCTGAAGTGAAATGCATGGGCTCAACCCATGAATTGCTTTGGAAACTGTTTGGCTTGAGTGTCGGAGGGGTAAGCGGAATTCCTAGTGTAGCGGTGAAATGCGTAGATATTAGGAGGAACACCGGAGGCGAAGGCGGCTTACTGGACGACAACTGACGTTGAGGCTCGAAGGCGTGGGGAGCAAACAGG,ASV116
-0.099415,0.10723,Bacteria,Firmicutes,Clostridia,Peptostreptococcales-Tissierellales,Peptostreptococcaceae,Peptostreptococcus,stomatis,TACGTAGGGGGCTAGCGTTATCCGGATTTACTGGGCGTAAAGGGTGCGTAGGTGGTCCTTCAAGTCGGTGGTTAAAGGCTACGGCTCAACCGTAGTAAGCCGCCGAAACTGGAGGACTTGAGTGCAGGAGAGGAAAGTGGAATTCCCAGTGTAGCGGTGAAATGCGTAGATATTGGGAGGAACACCAGTAGCGAAGGCGGCTTTCTGGACTGCAACTGACACTGAGGCACGAAAGCGTGGGTAGCAAACAGG,ASV120
0.053707,0.15124,Bacteria,Bacteroidota,Bacteroidia,Bacteroidales,Prevotellaceae,Prevotella,melaninogenica/scopos,TACGGAAGGTCCAGGCGTTATCCGGATTTATTGGGTTTAAAGGGAGCGTAGGCCGGAGATTAAGTGTGTTGTGAAATGTAGACGCTCAACGTCTGACTTGCAGCGCATACTGGTTTCCTTGAGTACGCACAACGTTGGCGGAATTCGTCGTGTAGCGGTGAAATGCTTAGATATGACGAAGAACTCCGATTGCGAAGGCAGCTGACGGGAGCGCAACTGACGCTTAAGCTCGAAGGTGCGGGTATCAAACAGG,ASV122
0.19597,0.076029,Bacteria,Firmicutes,Negativicutes,Veillonellales-Selenomonadales,Veillonellaceae,Veillonella,NA,TACGTAGGTGGCAAGCGTTGTCCGGAATTATTGGGCGTAAAGCGCGCGCAGGCGGATCTGCCAGTCTGTCTTAAAAGTTCGGGGCTCAACCCCGTGATGGGATGGAAACTACAGATCTAGAGTATCGGAGGGGAAAGTGGAATTCCTAGTGTAGCGGTGAAATGCGTAGATATTAGGAGGAACACCAGTGGCGAAGGCGACTTTCTGGACGATCACTGACGCTGAGGCGCGAAAGCCAGGGGAGCGAACGGG,ASV125
0.12455,0.17709,Bacteria,Fusobacteriota,Fusobacteriia,Fusobacteriales,Leptotrichiaceae,Leptotrichia,NA,TACGTATGTCGCGAGCGTTATCCGGAATTATTGGGCATAAAGGGCATCTAGGCGGCCAGATAAGTCCGAGGTGAAAACTGCCGGCTCAACCAGCAGCTTGCCTTGGAAACTACCTGGCTAGAGTATTGGAGAGGTGGACGGAACTACACGAGTAGAGGTGAAATTCGTAGATATGTGTAGGAATGCCGATGATGAAGATAGTTCACTGGACGATAACTGACGCTGAAGTGCGAAAGCTAGGGGAGCGAACAGG,ASV127
0.092949,0.1915,Bacteria,Firmicutes,Bacilli,Erysipelotrichales,Erysipelotrichaceae,Solobacterium,moorei,TACGTAGGTGGCGAGCGTTATCCGGAATTATTGGGCGTAAAGGGTGCGTAGGCGGCCTGTTAAGTAAGTGGTTAAATTGTTGGGCTCAACCCAATCCAGCCACTTAAACTGGCAGGCTAGAGTATTGGAGAGGCAAGTGGAATTCCATGTGTAGCGGTAAAATGCGTAGATATATGGAGGAACACCAGTGGCGAAGGCGGCTTGCTAGCCAAAGACTGACGCTCATGCACGAAAGCGTGGGGAGCAAATAGG,ASV136
-0.023464,0.093824,Bacteria,Firmicutes,Clostridia,Clostridia_UCG-014,NA,NA,NA,TACATATGGGGCGAGCGTTATCCGGATTTATTGGGTGTAAAGGGTGCGTAGGCGGGAAAATAAGTCAGTATGTGAAATCCCTCGGCTCAACTGAGGAACTGCAACTGAAACTATTTTTCTTGAGTGTTGAAGGGGAAAGTGGAATTCCTAGTGTAGCGGTGAAATGCGTAGAGATTAGGAGGAACACCAGTGGCGAAGGCGACTTTCTGGGCAACAACTGACGCTGAGGCACGAAAGTGTGGGGAGCAAACAGG,ASV139
0.096226,0.14484,Bacteria,Fusobacteriota,Fusobacteriia,Fusobacteriales,Leptotrichiaceae,Leptotrichia,NA,TACGTATGTCGCAAGCGTTATCCGGAATTATTGGGCATAAAGGGCATCTAGGCGGATATACAAGTCAGGGGTGAAAACTTAGGGCTCAACTCAAAGCTTGCCTTTGAAACTGTATATCTAGAGTGCTGGAGAGGTGGACGGAACTACACGAGTAGAGGTGAAATTCGTAGATATGTGTAGGAATGCCGATGATGAAGATAGTCCACTGGACAGCAACTGACGCTGAAGTGCGAAAGCTAGGGGAGCAAACAGG,ASV141
0.10086,0.16492,Bacteria,Bacteroidota,Bacteroidia,Bacteroidales,Prevotellaceae,Alloprevotella,rava,TACGGAAGGTCCAGGCGTTATCCGGATTTATTGGGTTTAAAGGGAGCGTAGGCGGACGATTAAGTCAGCTGTGAAAGTTTGCGGCTCAACCGTAAAATTGCAGTTGAAACTGGTTGTCTTGAGTGCACGCAGGGATGTTGGAATTCATGGTGTAGCGGTGAAATGCTTAGATATCATGAAGAACTCCGATCGCGAAGGCATATGTCCGGAGTGCAACTGACGCTGAGGCTCGAAAGTGCGGGTATCGAACAGG,ASV142
-0.14717,-0.068047,Bacteria,Firmicutes,Clostridia,Lachnospirales,Lachnospiraceae,Oribacterium,sinus,TACGTAGGGGGCAAGCGTTATCCGGATTTACTGGGTGTAAAGGGAGCGTAGACGGAATGGCAAGTCTGAAGTGAAATACCCGGGCTCAACCTGGGAACTGCTTTGGAAACTGTTGTTCTAGAGTGTTGGAGAGGTAAGTGGAATTCCTGGTGTAGCGGTGAAATGCGTAGATATCAGGAAGAACACCGGAGGCGAAGGCGGCTTACTGGACAATAACTGACGTTGAGGCTCGAAAGCGTGGGGATCAAACAGG,ASV145
-0.048324,0.06399,Bacteria,Fusobacteriota,Fusobacteriia,Fusobacteriales,Leptotrichiaceae,Leptotrichia,NA,TACGTATGTCGCGAGCGTTATCCGGAATTATTGGGCATAAAGGGCATCTAGGCGGCCTTTCAAGTCAGGGGTGAAAACCTGCGGCTCAACCGCAGGCCTGCCTTTGAAACTGATAGGCTGGAGTACCGGAGAGGTGGACGGAACTGCACGAGTAGAGGTGAAATTCGTAGATATGTGCAGGAATGCCGATGATGAAGATAGTTCACTGGACGGTAACTGACGCTGAAGTGCGAAAGCCGGGGGAGCAAACAGG,ASV151
-0.15055,0.021454,Bacteria,Firmicutes,Clostridia,Lachnospirales,Lachnospiraceae,Stomatobaculum,NA,TACGTAGGGGGCAAGCGTTATCCGGATTTACTGGGTGTAAAGGGAGCGCAGACGGTTGCGCAAGTCTGAAGTGAAATCCCGAGGCTTAACCACGGGACTGCTTTGGAAACTGTGCGACTTGAGTATCGGAGGGGCAGGCGGAATTCCTAGTGTAGCGGTGAAATGCGTAGATATTAGGAAGAACACCGGTGGCGAAGGCGGCCTGCTGGACGAAAACTGACGTTGAGGCTCGAAGGCGTGGGGAGCAAACAGG,ASV155
0.17322,0.057819,Bacteria,Firmicutes,Clostridia,Lachnospirales,Lachnospiraceae,Stomatobaculum,longum,TACGTAGGGGGCAAGCGTTATCCGGATTTACTGGGTGTAAAGGGAGCGCAGACGGCTCTGCAAGTCTGAAGTGAAAGCCCGCGGCTTAACCGCGGGACTGCTTTGGAAACTGCAAGGCTTGAGTATCGGAGGGGCAGGCGGAATTCCTAGTGTAGCGGTGAAATGCGTAGATATTAGGAAGAACACCGGTGGCGAAGGCGGCCTGCTGGACGAAAACTGACGTTGAGGCTCGAAGGCGTGGGGAGCAAACAGG,ASV156
0.15901,0.13341,Bacteria,Firmicutes,Negativicutes,Veillonellales-Selenomonadales,Selenomonadaceae,NA,NA,TACGTAGGTGGCGAGCGTTGTCCGGAATTATTGGGCGTAAAGGGAGCGCAGGCGGGCGAGTAAGTCTTTCTTAAAAGTGCGGGGCTCAACCCCGTGAGGGGAGAGAAACTACTCATCTTGAGTGCAGGAGAGGAAAGCGGAATTCCTAGTGTAGCGGTGAAATGCGTAGATATTAGGAAGAACACCAGTGGCGAAGGCGGCTTTCTGGACTGTAACTGACGCTGAGGCTCGAAAGCCAGGGGAGCGAACGGG,ASV164
0.051946,0.081582,Bacteria,Fusobacteriota,Fusobacteriia,Fusobacteriales,Leptotrichiaceae,Leptotrichia,NA,TACGTATGTCGCAAGCGTTATCCGGAATTATTGGGCATAAAGGGCATCTAGGCGGCCAGATAAGTCTGGGGTGAAAACTTGCGGCTCAACCGCAAGCCTGCCCTGGAAACTATGCGGCTAGAGTACTGGAGAGGTGGACGGAACTGCACGAGTAGAGGTGAAATTCGTAGATATGTGCAGGAATGCCGATGATGAAGATAGTTCACTGGACGGTAACTGACGCTGAAGTGCGAAAGCTAGGGGAGCAAACAGG,ASV168
0.086638,-0.03572,Bacteria,Actinobacteriota,Actinobacteria,Actinomycetales,Actinomycetaceae,Actinomyces,NA,TACGTAGGGTGCGAGCGTTGTCCGGAATTATTGGGCGTAAAGGGCTTGTAGGCGGTTTGTCGCGTCTGCCGTGAAATCCTCTGGCTTAACTGGGGGCGTGCGGTGGGTACGGGCAGGCTTGAGTGCGGTAGGGGAGACTGGAACTCCTGGTGTAGCGGTGGAATGCGCAGATATCAGGAAGAACACCGGTGGCGAAGGCGGGTCTCTGGGCCGTTACTGACGCTGAGGAGCGAAAGCGTGGGGAGCGAACAGG,ASV169
0.070646,0.16835,Bacteria,Firmicutes,Clostridia,Lachnospirales,Lachnospiraceae,NA,NA,TACGTAGGGGGCAAGCGTTATCCGGATTTACTGGGTGTAAAGGGAGCGCAGACGGCTTGGCAAGTCTGAAGTGAAAGCCCGGGGCTTAACCCCGGGACTGCTTTGGAAACTGTGAAGCTAGAGTGTCGGAGAGGTAAGTGGAATTCCCAGTGTAGCGGTGAAATGCGTAGATATTGGGAGGAACACCGGTGGCGAAGGCGGCTTACTGGACGATAACTGACGTTGAGGCTCGAAGGCGTGGGGAGCAAACAGG,ASV181
0.10885,0.16803,Bacteria,Bacteroidota,Bacteroidia,Bacteroidales,Prevotellaceae,Prevotella,NA,TACGGAAGGTCCAGGCGTTATCCGGATTTATTGGGTTTAAAGGGAGCGTAGGCCGGAGATTAAGTGTGTTGTGAAATGTAGACGCTCAACGTCTGACTTGCAGCGCATACTGGTTTCCTTGAGTACGCACAACGTTGGCGGAATTCGTCGTGTAGCGGTGAAATGCTTAGATATGACGAAGAACTCCGATTGCGAAGGCAGCTGACGGGAGCGCAACTGACGCTTAAGCTCGAAGGTGCGGGTATCGAACAGG,ASV187
-0.017219,0.1748,Bacteria,Firmicutes,Clostridia,Peptostreptococcales-Tissierellales,Anaerovoracaceae,NA,NA,TACGTAGGGGGCGAGCGTTATCCGGAATTATTGGGCGTAAAGAGTGCGTAGGTGGCACCTTAAGCGCAGGGTTTAAGGCAATGGCTCAACCATTGTTCGCCTTGCGAACTGGGGTGCTTGAGTGCAGGAGGGGAAAGTGGAATTCCTAGTGTAGCGGTGAAATGCGTAGATATTAGGAGGAACACCAGTGGCGAAGGCGACTTTCTGGACTGTTACTGACACTGAGGCACGAAAGCGTGGGGAGCAAACAGG,ASV203
-0.071227,-0.011926,Bacteria,Fusobacteriota,Fusobacteriia,Fusobacteriales,Fusobacteriaceae,Fusobacterium,periodonticum,TACGTATGTCACAAGCGTTATCCGGATTTATTGGGCGTAAAGCGCGTCTAGGTGGTTATGTAAGTCTGATGTGAAAATGCAGGGCTCAACTCTGTATTGCGTTGGAAACTGTATGACTAGAGTACTGGAGAGGTAAGCGGAACTACAAGTGTAGAGGTGAAATTCGTAGATATTTGTAGGAATGCCGATGGGGAAGCCAGCTTACTGGACAGATACTGACGCTAAAGCGCGAAAGCGTGGGTAGCAAACAGG,ASV208
0.026718,0.10476,Bacteria,Firmicutes,Clostridia,Clostridia_UCG-014,NA,NA,NA,TACGTAGGGAGCGAGCGTTATCCGGATTTATTGGGTGTAAAGGGTGCGTAGACGGAAATGCAAGTTAGTTGTGAAATACCTCGGCTTAACTGAGGAACTGCAACTAAAACTATATTTCTTGAGTATCGGAGGGGTTTGTGGAATTCCTAGTGTAGCGGTGAAATGCGTAGATATTAGGAAGAACACCGGTGGCGAAGGCGACAAACTGGACGATAACTGACGTTGAGGCACGAAAGTGTGGGGAGCAAACAGG,ASV223
0.11338,0.15271,Bacteria,Bacteroidota,Bacteroidia,Bacteroidales,Prevotellaceae,Prevotella,veroralis,TACGGAAGGTTCGGGCGTTATCCGGATTTATTGGGTTTAAAGGGAGCGTAGGCCGGAGATTAAGTGTGTTGTGAAATGTAGACGCTCAACGTCTGACTTGCAGCGCATACTGGTTTCCTTGAGTACGCACAACGTTGGCGGAATTCGTCGTGTAGCGGTGAAATGCTTAGATATGACGAAGAACTCCGATTGCGAAGGCAGCTGACGGGAGCGCAACTGACGCTTAAGCTCGAAGGTGCGGGTATCGAACAGG,ASV231
0.010522,0.13523,Bacteria,Actinobacteriota,Actinobacteria,Actinomycetales,Actinomycetaceae,Actinomyces,lingnae/marseillensis/pacaensis,TACGTAGGGTGCGAGCGTTGTCCGGAATTATTGGGCGTAAAGGGCTTGTAGGCGGTTTGTCGCGTCTGCCGTGAAATCCTCTGGCTTAACTGGGGGCGTGCGGTGGGTACGGGCAGACTTGAGTGCGGTAGGGGAGACTGGAACTCCTGGTGTAGCGGTGGAATGCGCAGATATCAGGAAGAACACCGGTGGCGAAGGCGGGTCTCTGGGCCGTTACTGACGCTGAGGAGCGAAAGCGTGGGGAGCGAACAGG,ASV236
0.040731,0.029283,Bacteria,Firmicutes,Clostridia,Lachnospirales,Lachnospiraceae,Oribacterium,asaccharolyticum,TACGTAGGGGGCAAGCGTTATCCGGATTTACTGGGTGTAAAGGGAGCGTAGACGGAGTGGCAAGTCTGAAGTGAAAACCCTGGGCTTAACCTGGGGACTGCTTTGGAAACTGTTAATCTAGAGTGTTGGAGAGGTAAGTGGAATTCCTGGTGTAGCGGTGAAATGCGTAGATATCAGGAAGAACACCGGAGGCGAAGGCGGCTTACTGGACAATAACTGACGTTGAGGCTCGAAAGCGTGGGGATCAAACAGG,ASV247
-0.081084,0.13369,Bacteria,Firmicutes,Clostridia,Lachnospirales,Lachnospiraceae,Oribacterium,parvum,TACGTAGGGGGCAAGCGTTATCCGGATTTACTGGGTGTAAAGGGAGCGTAGACGGAATGGCAAGTCTGAAGTGAAAACCCCGGGCTCAACCTGGGGACTGCTTTGGAAACTGTTGTTCTAGAGTGTTGGAGAGGTAAGTGGAATTCCTGGTGTAGCGGTGAAATGCGTAGATATCAGGAAGAACACCGGAGGCGAAGGCGGCTTACTGGACAATAACTGACGTTGAGGCTCGAAAGCGTGGGGATCAAACAGG,ASV256
-0.12999,0.069958,Bacteria,Bacteroidota,Bacteroidia,Bacteroidales,Prevotellaceae,Prevotella,NA,TACGGAAGGTCCTGGTGTTATCCGGATTTATTGGGTTTAAAGGGAGCGTAGGCCGTAGATTAAGTGTGTTGTGAAATGTAGGCGCCCAACGTCTGCCTTGCAGCGCAAACTGGTTTACTTGAGTACGCGCAACGCAGGCGGAATTCGTCGTGTAGCGGTGAAATGCTTAGATATGACGAAGAACTCCTATTGCGAAGGCAGCTTGCGGGAGCGTTACTGACGCTGAAGCTCGAAAGTGCGGGTATCGAACAGG,ASV270
-0.10037,0.047078,Bacteria,Firmicutes,Clostridia,Lachnospirales,Lachnospiraceae,Catonella,NA,TACGTAGGGGGCAAGCGTTATCCGGATTTACTGGGTGTAAAGGGAGCGCAGGCGGTTTGGCAAGTTGAGAGTGGAAGCAGGGGGCTCAACCCCCTGACTGCTCCCAAAACTGTTAAACTTGAGTATGGGAGAGGCAGGCGGAATTCCTAGTGTAGCGGTGAAATGCTTAGATATTAGGAAGAACACCGGTGGCGAAGGCGGCCTGCTGGACCAAAACTGACGCTGAGGCTCGAAAGCGTGGGTAGCAAACAGG,ASV278
0.13331,0.11868,Bacteria,Bacteroidota,Bacteroidia,Bacteroidales,Prevotellaceae,Prevotella,NA,TACGGAAGGTTCGGGCGTTATCCGGATTTATTGGGTTTAAAGGGAGCGTAGGCCGTGGATTAAGCGTGTTGTGAAATGTAGATGCTCAACATCTGACTTGCAGCGCGAACTGGTTTACTTGAGTGTGCGCAACGTAGGCGGAATTCGTCGTGTAGCGGTGAAATGCTTAGATATGACGAAGAACTCCGATTGCGAAGGCAGCTTACGGGAGCACAACTGACGCTGAAGCTCGAAGGTGCGGGTATCAAACAGG,ASV290
0.16714,0.13457,Bacteria,Bacteroidota,Bacteroidia,Bacteroidales,Prevotellaceae,Prevotella,NA,TACGGAAGGTCCTGGTGTTATCCGGATTTATTGGGTTTAAAGGGAGCGTAGGCCGCAGATTAAGTGTGTTGTGAAATTCAGGCGCCCAACGTCTGACTTGCAGCGCAAACTGGTCTGCTTGAGTTCGCGCAACGCAGGCGGAATTCGTCGTGTAGCGGTGAAATGCTTAGATATGACGAAGAACTCCGATTGCGAAGGCAGCTTGCGGGAGCGTTACTGACGCTGAAGCTCGAAAGTGCGGGTATCGAACAGG,ASV305
0.0203,0.088805,Bacteria,Firmicutes,Clostridia,Peptostreptococcales-Tissierellales,Anaerovoracaceae,Mogibacterium,NA,TACGTAGGGGGCAAGCGTTATCCGGAATTATTGGGCGTAAAGAGTGCGTAGGTGGTTACCTAAGCGCAAGGTTTAATTTAGAGGCTCAACCTCTACTTGCCTTGCGAACTGGGCTACTTGAGTGCAGGAGGGGAAAGCGGAATTCCTAGTGTAGCGGTGAAATGCGTAGATATTAGGAGGAACACCAGCGGCGAAGGCGGCTTTCTGGACTGTAACTGACACTGAGGCACGAAAGCGTGGGTAGCAAACAGG,ASV341
0.05228,0.14495,Bacteria,Firmicutes,Clostridia,Lachnospirales,Lachnospiraceae,Butyrivibrio,NA,TACGTATGGAGCAAGCGTTATCCGGATTTACTGGGTGTAAAGGGAGCGCAGACGGATATGCAAGTCTGAAGTGAAACCCCACGGCTCAACCGTGGGCTTGCTTTGGAAACTGTAGATCTAGAGTACTGGAGAGGTAAGCGGAATTCCTGGTGTAGCGGTGAAATGCGTAGATATCAGGAAGAACATCGGCGGCGAAGGCGGCTTACTGGACAGCAACTGACGTTGAGGCTCGAAGGCGTGGGGAGCAAACAGG,ASV448
0.07674,0.097276,Bacteria,Patescibacteria,Saccharimonadia,Saccharimonadales,Saccharimonadaceae,TM7x,NA,TACGTAGGGTGCAAGCATTATCCGGAGTGACTGGGCGTAAAGAGTTGCGTAGGCGGTTTAATAAGTGAATAGTGAAACCTGGTGGCTCAACCATACAGACTATTATTCAAACTGTTAAACTCGAGAATGGTAGAGGTAACTGGAATTTCTAGTGTAGGAGTGAAATCCGTAGATATTAGAAGGAACACCGATGGCGTAGGCAGGTTACTGGGCCATTTCTGACGCTAAGGCACGAAAGCGTGGGGAGCGAACCGG,ASV498
