-0.066739,-0.098538,Bacteria,Firmicutes,Bacilli,Lactobacillales,Streptococcaceae,Streptococcus,NA,TACGTAGGTCCCGAGCGTTGTCCGGATTTATTGGGCGTAAAGCGAGCGCAGGCGGTTAGATAAGTCTGAAGTTAAAGGCTGTGGCTTAACCATAGTACGCTTTGGAAACTGTTTAACTTGAGTGCAAGAGGGGAGAGTGGAATTCCATGTGTAGCGGTGAAATGCGTAGATATATGGAGGAACACCGGTGGCGAAAGCGGCTCTCTGGCTTGTAACTGACGCTGAGGCTCGAAAGCGTGGGGAGCAAACAGG,ASV1
-0.094216,-0.083113,Bacteria,Proteobacteria,Gammaproteobacteria,Pasteurellales,Pasteurellaceae,Haemophilus,NA,TACGGAGGGTGCGAGCGTTAATCGGAATAACTGGGCGTAAAGGGCACGCAGGCGGTGACTTAAGTGAGGTGTGAAAGCCCCGGGCTTAACCTGGGAATTGCATTTCATACTGGGTCGCTAGAGTACTTTAGGGAGGGGTAGAATTCCACGTGTAGCGGTGAAATGCGTAGAGATGTGGAGGAATACCGAAGGCGAAGGCAGCCCCTTGGGAATGTACTGACGCTCATGTGCGAAAGCGTGGGGAGCAAACAGG,ASV2
0.011469,-0.13018,Bacteria,Firmicutes,Negativicutes,Veillonellales-Selenomonadales,Veillonellaceae,Veillonella,dispar/parvula,TACGTAGGTGGCAAGCGTTGTCCGGAATTATTGGGCGTAAAGCGCGCGCAGGCGGATAGGTCAGTCTGTCTTAAAAGTTCGGGGCTTAACCCCGTGATGGGATGGAAACTGCCAATCTAGAGTATCGGAGAGGAAAGTGGAATTCCTAGTGTAGCGGTGAAATGCGTAGATATTAGGAAGAACACCAGTGGCGAAGGCGACTTTCTGGACGAAAACTGACGCTGAGGCGCGAAAGCCAGGGGAGCGAACGGG,ASV3
-0.023173,-0.10517,Bacteria,Firmicutes,Negativicutes,Veillonellales-Selenomonadales,Veillonellaceae,Veillonella,atypica/dispar,TACGTAGGTGGCAAGCGTTGTCCGGAATTATTGGGCGTAAAGCGCGCGCAGGCGGATTGGTCAGTCTGTCTTAAAAGTTCGGGGCTTAACCCCGTGATGGGATGGAAACTGCCAATCTAGAGTATCGGAGAGGAAAGTGGAATTCCTAGTGTAGCGGTGAAATGCGTAGATATTAGGAAGAACACCAGTGGCGAAGGCGACTTTCTGGACGAAAACTGACGCTGAGGCGCGAAAGCCAGGGGAGCGAACGGG,ASV4
-0.067111,0.033144,Bacteria,Proteobacteria,Gammaproteobacteria,Burkholderiales,Neisseriaceae,Neisseria,NA,TACGTAGGGTGCGAGCGTTAATCGGAATTACTGGGCGTAAAGCGGGCGCAGACGGTTACTTAAGCAGGATGTGAAATCCCCGGGCTCAACCTGGGAACTGCGTTCTGAACTGGGTGACTAGAGTGTGTCAGAGGGAGGTAGAATTCCACGTGTAGCAGTGAAATGCGTAGAGATGTGGAGGAATACCGATGGCGAAGGCAGCCTCCTGGGATAACACTGACGTTCATGCCCGAAAGCGTGGGTAGCAAACAGG,ASV5
-0.012099,-0.14574,Bacteria,Bacteroidota,Bacteroidia,Bacteroidales,Prevotellaceae,Prevotella,melaninogenica,TACGGAAGGTCCAGGCGTTATCCGGATTTATTGGGTTTAAAGGGAGCGTAGGCTGGAGATTAAGTGTGTTGTGAAATGTAGACGCTCAACGTCTGAATTGCAGCGCATACTGGTTTCCTTGAGTACGCACAACGTTGGCGGAATTCGTCGTGTAGCGGTGAAATGCTTAGATATGACGAAGAACTCCGATTGCGAAGGCAGCTGACGGGAGCGCAACTGACGCTTAAGCTCGAAGGTGCGGGTATCAAACAGG,ASV6
0.26639,0.17039,Bacteria,Actinobacteriota,Actinobacteria,Corynebacteriales,Corynebacteriaceae,Corynebacterium,matruchotii,TACGTAGGGTGCGAGCGTTGTCCGGAATTACTGGGCGTAAAGAGCTCGTAGGTGGTTTGTTGCGTCGTCTGTGAAATTCCGGGGCTTAACTTCGGGGTGGCAGGCGATACGGGCATAACTAGAGTGCTGTAGGGGAGACTGGAATTCCTGGTGTAGCGGTGGAATGCGCAGATATCAGGAGGAACACCGATGGCGAAGGCAGGTCTCTGGGCAGTAACTGACGCTGAGGAGCGAAAGCATGGGGAGCGAACAGG,ASV7
-0.0023067,0.06691,Bacteria,Proteobacteria,Gammaproteobacteria,Burkholderiales,Neisseriaceae,Neisseria,NA,TACGTAGGGTGCGAGCGTTAATCGGAATTACTGGGCGTAAAGCGAGCGCAGACGGTTACTTAAGCAGGATGTGAAATCCCCGGGCTCAACCTGGGAACTGCGTTCTGAACTGGGTGACTAGAGTGTGTCAGAGGGAGGTAGAATTCCACGTGTAGCAGTGAAATGCGTAGAGATGTGGAGGAATACCGATGGCGAAGGCAGCCTCCTGGGATAACACTGACGTTCATGCTCGAAAGCGTGGGTAGCAAACAGG,ASV8
-0.023212,-0.12277,Bacteria,Firmicutes,Bacilli,Lactobacillales,Streptococcaceae,Streptococcus,NA,TACGTAGGTCCCGAGCGTTGTCCGGATTTATTGGGCGTAAAGCGAGCGCAGGCGGTTTGATAAGTCTGAAGTTAAAGGCTGTGGCTCAACCATAGTTCGCTTTGGAAACTGTCAAACTTGAGTGCAGAAGGGGAGAGTGGAATTCCATGTGTAGCGGTGAAATGCGTAGATATATGGAGGAACACCGGTGGCGAAAGCGGCTCTCTGGTCTGTAACTGACGCTGAGGCTCGAAAGCGTGGGGAGCGAACAGG,ASV9
-0.043578,-0.1575,Bacteria,Firmicutes,Negativicutes,Veillonellales-Selenomonadales,Veillonellaceae,Veillonella,parvula/rogosae/tobetsuensis,TACGTAGGTGGCAAGCGTTGTCCGGAATTATTGGGCGTAAAGCGCGCGCAGGCGGATCAGTCAGTCTGTCTTAAAAGTTCGGGGCTTAACCCCGTGATGGGATGGAAACTGCTGATCTAGAGTATCGGAGAGGAAAGTGGAATTCCTAGTGTAGCGGTGAAATGCGTAGATATTAGGAAGAACACCAGTGGCGAAGGCGACTTTCTGGACGAAAACTGACGCTGAGGCGCGAAAGCCAGGGGAGCGAACGGG,ASV10
-0.0079835,-0.0014512,Bacteria,Proteobacteria,Gammaproteobacteria,Pasteurellales,Pasteurellaceae,Haemophilus,haemolyticus/influenzae/parainfluenzae,TACGGAGGGTGCGAGCGTTAATCGGAATAACTGGGCGTAAAGGGCACGCAGGCGGTTATTTAAGTGAGGTGTGAAAGCCCCGGGCTTAACCTGGGAATTGCATTTCAGACTGGGTAACTAGAGTACTTTAGGGAGGGGTAGAATTCCACGTGTAGCGGTGAAATGCGTAGAGATGTGGAGGAATACCGAAGGCGAAGGCAGCCCCTTGGGAATGTACTGACGCTCATGTGCGAAAGCGTGGGGAGCAAACAGG,ASV11
0.00023864,0.054373,Bacteria,Firmicutes,Bacilli,Staphylococcales,Gemellaceae,Gemella,NA,TACGTAGGTGGCAAGCGTTGTCCGGAATTATTGGGCGTAAAGCGCGCGCAGGTGGTTTAATAAGTCTGATGTGAAAGCCCACGGCTCAACCGTGGAGGGTCATTGGAAACTGTTAAACTTGAGTGCAGGAGAGAAAAGTGGAATTCCTAGTGTAGCGGTGAAATGCGTAGAGATTAGGAGGAACACCAGTGGCGAAGGCGGCTTTTTGGCCTGTAACTGACACTGAGGCGCGAAAGCGTGGGGAGCAAACAGG,ASV12
-0.16308,-0.21641,Bacteria,Actinobacteriota,Actinobacteria,Micrococcales,Micrococcaceae,Rothia,dentocariosa,TACGTAGGGCGCGAGCGTTGTCCGGAATTATTGGGCGTAAAGAGCTTGTAGGCGGTTGGTCGCGTCTGCTGTGAAAGGCTGGGGCTTAACCCTGGTTTTGCAGTGGGTACGGGCTAACTAGAGTGCAGTAGGGGAGACTGGAATTCCTGGTGTAGCGGTGGAATGCGCAGATATCAGGAGGAACACCGATGGCGAAGGCAGGTCTCTGGGCTGTAACTGACGCTGAGAAGCGAAAGCATGGGGAGCGAACAGG,ASV13
-0.11259,-0.16351,Bacteria,Actinobacteriota,Actinobacteria,Actinomycetales,Actinomycetaceae,Actinomyces,naeslundii/oris/viscosus,TACGTAGGGCGCGAGCGTTGTCCGGAATTATTGGGCGTAAAGAGCTCGTAGGCGGCTGGTCGCGTCTGTCGTGAAATCCTCTGGCTTAACTGGGGGCTTGCGGTGGGTACGGGCCGGCTTGAGTGCGGTAGGGGAGACTGGAACTCCTGGTGTAGCGGTGGAATGCGCAGATATCAGGAAGAACACCGGTGGCGAAGGCGGGTCTCTGGGCCGTTACTGACGCTGAGGAGCGAAAGCGTGGGGAGCGAACAGG,ASV14
-0.1178,-0.067321,Bacteria,Firmicutes,Bacilli,Lactobacillales,Streptococcaceae,Streptococcus,cristatus/sanguinis,TACGTAGGTCCCGAGCGTTGTCCGGATTTATTGGGCGTAAAGCGAGCGCAGGCGGTTAGATAAGTCTGAAGTTAAAGGCTGTGGCTTAACCATAGTATGCTTTGGAAACTGTTTAACTTGAGTGCAGAAGGGGAGAGTGGAATTCCATGTGTAGCGGTGAAATGCGTAGATATATGGAGGAACACCGGTGGCGAAAGCGGCTCTCTGGTCTGTAACTGACGCTGAGGCTCGAAAGCGTGGGGAGCAAACAGG,ASV15
0.17606,0.19856,Bacteria,Bacteroidota,Bacteroidia,Bacteroidales,Porphyromonadaceae,Porphyromonas,pasteri,TACGGAGGATGCGAGCGTTATCCGGATTTATTGGGTTTAAAGGGTGCGTAGGCGGCCTGTTAAGTCAGCGGTGAAATCTAGGAGCTTAACTCCTAAATTGCCATTGATACTGGCGGGCTTGAGTGTAGATGAGGTAGGCGGAATGCGTGGTGTAGCGGTGGAATGCATAGATATCACGCAGAACTCCGATTGCGAAGGCAGCTTACTAAGGTACAACTGACGCTGAAGCACGAAAGCGTGGGTATCAAACAGG,ASV17
0.091796,0.0621,Bacteria,Bacteroidota,Bacteroidia,Bacteroidales,Prevotellaceae,Prevotella,nigrescens,TACGGAAGGTCCGGGCGTTATCCGGATTTATTGGGTTTAAAGGGAGTGTAGGCGGTCTGTTAAGCGTGTTGTGAAATTTAGGTGCTCAACATTTAACTTGCAGCGCGAACTGTCAGACTTGAGTACACGCAGCGCAGGCGGAATTCATGGTGTAGCGGTGAAATGCTTAGATATCATGAGGAACTCCGATCGCGAAGGCAGCCTGCGGGAGTGTTACTGACGCTTAAGCTCGAAGGTGCGGGTATCGAACAGG,ASV18
-0.059249,-0.16983,Bacteria,Firmicutes,Bacilli,Lactobacillales,Streptococcaceae,Streptococcus,NA,TACGTAGGTCCCGAGCGTTGTCCGGATTTATTGGGCGTAAAGCGAGCGCAGGCGGTTAGATAAGTCTGAAGTTAAAGGCTGTGGCTTAACCATAGTACGCTTTGGAAACTGTTTAACTTGAGTGCAGAAGGGGAGAGTGGAATTCCATGTGTAGCGGTGAAATGCGTAGATATATGGAGGAACACCGGTGGCGAAAGCGGCTCTCTGGTCTGTAACTGACGCTGAGGCTCGAAAGCGTGGGGAGCGAACAGG,ASV19
0.21145,0.17576,Bacteria,Proteobacteria,Gammaproteobacteria,Pasteurellales,Pasteurellaceae,Aggregatibacter,segnis,TACGGAGGGTGCGAGCGTTAATCGGAATAACTGGGCGTAAAGGGCACGCAGGCGGCTATTTAAGTGAGGTGTGAAATCCCCGGGCTTAACCTGGGAATTGCATTTCAGACTGGGTAGCTAGAGTACTTTAGGGAGGGGTAGAATTCCACGTGTAGCGGTGAAATGCGTAGAGATGTGGAGGAATACCGAAGGCGAAGGCAGCCCCTTGGGAATGTACTGACGCTCATGTGCGAAAGCGTGGGGAGCAAACAGG,ASV20
-0.017448,-0.085043,Bacteria,Actinobacteriota,Actinobacteria,Actinomycetales,Actinomycetaceae,Actinomyces,odontolyticus,TACGTAGGGCGCGAGCGTTGTCCGGAATTATTGGGCGTAAAGGGCTTGTAGGCGGTTGGTCGCGTCTGCCGTGAAATCCTCTGGCTTAACTGGGGGCGTGCGGTGGGTACGGGCTGACTTGAGTGCGGTAGGGGAGACTGGAACTCCTGGTGTAGCGGTGGAATGCGCAGATATCAGGAAGAACACCGGTGGCGAAGGCGGGTCTCTGGGCCGTTACTGACGCTGAGGAGCGAAAGCGTGGGGAGCGAACAGG,ASV21
0.22723,0.23163,Bacteria,Fusobacteriota,Fusobacteriia,Fusobacteriales,Fusobacteriaceae,Fusobacterium,canifelinum/nucleatum,TACGTATGTCACAAGCGTTATCCGGATTTATTGGGCGTAAAGCGCGTCTAGGTGGTTATGTAAGTCTGATGTGAAAATGCAGGGCTCAACTCTGTATTGCGTTGGAAACTGTGTAACTAGAGTACTGGAGAGGTAAGCGGAACTACAAGTGTAGAGGTGAAATTCGTAGATATTTGTAGGAATGCCGATGGGGAAGCCAGCTTACTGGACAGATACTGACGCTGAAGCGCGAAAGCGTGGGTAGCAAACAGG,ASV22
0.10035,0.021491,Bacteria,Fusobacteriota,Fusobacteriia,Fusobacteriales,Leptotrichiaceae,Leptotrichia,NA,TACGTATGTCGCAAGCGTTATCCGGAATTATTGGGCATAAAGGGCATCTAGGCGGCCAGATAAGTCTGGGGTGAAAACTTGCGGCTCAACCGCAAGCCTGCCCTGGAAACTATGTGGCTAGAGTACTGGAGAGGTGGACGGAACTGCACGAGTAGAGGTGAAATTCGTAGATATGTGCAGGAATGCCGATGATGAAGATAGTTCACTGGACGGTAACTGACGCTGAAGTGCGAAAGCTAGGGGAGCAAACAGG,ASV23
0.052964,-0.051925,Bacteria,Fusobacteriota,Fusobacteriia,Fusobacteriales,Leptotrichiaceae,Leptotrichia,hongkongensis,TACGTATGTCGCAAGCGTTATCCGGAATTATTGGGCATAAAGGGCATCTAGGCGGCCCTGTAAGTCTAGGGTGAAAACCTGCGGCTCAACCGCAGGCCTGCCCCGGAAACTACAGGGCTAGAGTATCGGAGAGGTGGACGGAACTGCACGAGTAGAGGTGAAATTCGTAGATATGTGCAGGAATGCCGATGATGAAGATAGTTCACTGGACGGTAACTGACGCTGAAGTGCGAAAGCTAGGGGAGCAAACAGG,ASV24
-0.050219,-0.066163,Bacteria,Actinobacteriota,Actinobacteria,Actinomycetales,Actinomycetaceae,Actinomyces,NA,TACGTAGGGCGCGAGCGTTGTCCGGAATTATTGGGCGTAAAGAGCTCGTAGGCGGCTGGTCGCGTCTGTCGTGAAATCCTCTGGCTTAACTGGGGGCTTGCGGTGGGTACGGGCCGGCTTGAGTGCGGTAGGGGAGGCTGGAACTCCTGGTGTAGCGGTGGAATGCGCAGATATCAGGAAGAACACCGGTGGCGAAGGCGGGTCTCTGGGCCGTTACTGACGCTGAGGAGCGAAAGCGTGGGGAGCGAACAGG,ASV25
0.0028054,-0.043549,Bacteria,Fusobacteriota,Fusobacteriia,Fusobacteriales,Fusobacteriaceae,Fusobacterium,nucleatum,TACGTATGTCACGAGCGTTATCCGGATTTATTGGGCGTAAAGCGCGTCTAGGTGGTTATGTAAGTCTGATGTGAAAATGCAGGGCTCAACTCTGTATTGCGTTGGAAACTGTATAACTAGAGTACTGGAGAGGTAAGCGGAACTACAAGTGTAGAGGTGAAATTCGTAGATATTTGTAGGAATGCCGATGGGGAAGCCAGCTTACTGGACAGATACTGACGCTAAAGCGCGAAAGCGTGGGTAGCAAACAGG,ASV26
-0.0080436,-0.055013,Bacteria,Firmicutes,Negativicutes,Veillonellales-Selenomonadales,Veillonellaceae,Veillonella,massiliensis,TACGTAGGTGGCAAGCGTTGTCCGGAATTATTGGGCGTAAAGCGCGCGCAGGCGGCCTATCCAGTCTGTCTTAAAAGTTCGGGGCTCAACCCCGTGATGGGATGGAAACTAGTAGGCTAGAGTATCGGAGAGGAAAGCGGAATTCCTAGTGTAGCGGTGAAATGCGTAGATATTAGGAAGAACACCAGTGGCGAAGGCGGCTTTCTGGACGAAAACTGACGCTGAGGCGCGAAAGCCAGGGGAGCGAACGGG,ASV28
-0.048251,-0.045244,Bacteria,Firmicutes,Bacilli,Lactobacillales,Carnobacteriaceae,Granulicatella,elegans,TACGTAGGTGGCAAGCGTTGTCCGGATTTATTGGGCGTAAAGCGAGCGCAGGCGGTCAATTAAGTCTGATGTGAAAGCCCCCGGCTCAACCGGGGAGGGTCATTGGAAACTGGTTGACTTGAGTGCAGAAGAGGAGAGTGGAATTCCATGTGTAGCGGTGAAATGCGTAGATATATGGAGGAACACCAGTGGCGAAGGCGACTCTCTGGTCTGTAACTGACGCTGAGGCTCGAAAGCGTGGGTAGCAAACAGG,ASV29
-0.050489,0.00095312,Bacteria,Bacteroidota,Bacteroidia,Bacteroidales,Prevotellaceae,Alloprevotella,NA,TACGGAAGGTCCAGGCGTTATCCGGATTTATTGGGTTTAAAGGGAGCGTAGGCGGATTATTAAGTCAGTGGTGAAAGACGGTGGCTCAACCATCGTTAGCCATTGAAACTGGTAGTCTTGAGTGCAGACAGGGATGCTGGAACTCGTGGTGTAGCGGTGAAATGCTTAGATATCACGATGAACTCCGATCGCGAAGGCAGGTGTCCGGGCTGCAACTGACGCTGAGGCTCGAAAGTGTGGGTATCAAACAGG,ASV30
-0.049373,-0.057923,Bacteria,Firmicutes,Bacilli,Lactobacillales,Carnobacteriaceae,Granulicatella,adiacens/para-adiacens,TACGTAGGTGGCAAGCGTTGTCCGGATTTATTGGGCGTAAAGCGAGCGCAGGCGGTTCCTTAAGTCTGATGTGAAAGCCCCCGGCTCAACCGGGGAGGGTCATTGGAAACTGGGGAACTTGAGTGCAGAAGAGGAGAGTGGAATTCCATGTGTAGCGGTGAAATGCGTAGATATATGGAGGAACACCAGTGGCGAAGGCGACTCTCTGGTCTGTAACTGACGCTGAGGCTCGAAAGCGTGGGTAGCAAACAGG,ASV31
0.022396,0.013623,Bacteria,Fusobacteriota,Fusobacteriia,Fusobacteriales,Fusobacteriaceae,Fusobacterium,periodonticum,TACGTATGTCACAAGCGTTATCCGGATTTATTGGGCGTAAAGCGCGTCTAGGTGGTTATGTAAGTCTGATGTGAAAATGCAGGGCTCAACTCTGTATTGCGTTGGAAACTGCATGACTAGAGTACTGGAGAGGTAAGCGGAACTACAAGTGTAGAGGTGAAATTCGTAGATATTTGTAGGAATGCCGATGGGGAAGCCAGCTTACTGGACAGATACTGACGCTAAAGCGCGAAAGCGTGGGTAGCAAACAGG,ASV33
-0.069371,0.038496,Bacteria,Proteobacteria,Gammaproteobacteria,Burkholderiales,Neisseriaceae,NA,NA,TACGTAGGGTGCGAGCGTTAATCGGAATTACTGGGCGTAAAGCGAGCGCAGACGGTTACTTAAGCAGGATGTGAAATCCCCGGGCTCAACCTGGGAACTGCGTTCTGAACTGGGTAGCTAGAGTATGTCAGAGGGGGGTAGAATTCCACGTGTAGCAGTGAAATGCGTAGAGATGTGGAGGAATACCGATGGCGAAGGCAGCCCCCTGGGATAATACTGACGTTCATGCTCGAAAGCGTGGGTAGCAAACAGG,ASV34
0.15147,0.071224,Bacteria,Firmicutes,Bacilli,Lactobacillales,Streptococcaceae,Streptococcus,cristatus/sinensis,TACGTAGGTCCCGAGCGTTGTCCGGATTTATTGGGCGTAAAGCGAGCGCAGGCGGTTAGATAAGTCTGAAGTTAAAGGCTGTGGCTTAACCATAGTACGCTTTGGAAACTGTTTAACTTGAGTGCAGAAGGGGAGAGTGGAATTCCATGTGTAGCGGTGAAATGCGTAGATATATGGAGGAACACCGGTGGCGAAAGCGGCTCTCTGGTCTGTAACTGACGCTGAGGCTCGAAAGCGTGGGGAGCAAACAGG,ASV36
-0.13599,0.0048375,Bacteria,Actinobacteriota,Actinobacteria,Micrococcales,Micrococcaceae,Rothia,aeria/dentocariosa,TACGTAGGGCGCGAGCGTTGTCCGGAATTATTGGGCGTAAAGAGCTTGTAGGCGGTTGGTCGCGTCTGCTGTGAAAGGCCGGGGCTTAACTCCGGTTTTGCAGTGGGTACGGGCTAACTAGAGTGCAGTAGGGGAGACTGGAATTCCTGGTGTAGCGGTGGAATGCACAGATATCAGGAGGAACACCGATGGCGAAGGCAGGTCTCTGGGCTGTAACTGACGCTGAGAAGCGAAAGCATGGGGAGCGAACAGG,ASV38
-0.1078,0.022836,Bacteria,Proteobacteria,Gammaproteobacteria,Burkholderiales,Burkholderiaceae,Lautropia,mirabilis,TACGTAGGGTGCAAGCGTTAATCGGAATTACTGGGCGTAAAGAGTGCGCAGGCGGTTTTGCAAGACCGATGTGAAATCCCCGGGCTTAACCTGGGAACTGCATTGGTGACTGCAAGGCTAGAGTGTGTCAGAGGGAGGTGGAATTCCGCATGTAGCAGTGAAATGCGTAGATATGCGGAGGAACACCGATGGCGAAGGCAGCCTCCTGGGATAACACTGACGCTCATGCACGAAAGCGTGGGGAGCAAACAGG,ASV39
-0.011457,-0.1168,Bacteria,Proteobacteria,Gammaproteobacteria,Burkholderiales,Neisseriaceae,Kingella,oralis,TACGTAGGGTGCGAGCGTTAATCGGAATTACTGGGCGTAAAGCGAGCGCAGACGGTTTATTAAGCAAGATGTGAAATCCCCGAGCTTAACTTGGGAACTGCGTTTTGAACTGGTAAGCTAGAGTATGTCAGAGGGGGGTAGAATTCCACGTGTAGCAGTGAAATGCGTAGAGATGTGGAGGAATACCGATGGCGAAGGCAGCCCCCTGGGATAATACTGACGTTCATGCTCGAAAGCGTGGGTAGCAAACAGG,ASV40
-0.023291,-0.11863,Bacteria,Firmicutes,Negativicutes,Veillonellales-Selenomonadales,Veillonellaceae,Veillonella,denticariosi/parvula,TACGTAGGTGGCAAGCGTTGTCCGGAATTATTGGGCGTAAAGCGCGCGCAGGCGGATCAGTCAGTCTGTCTTAAAAGTTCGGGGCTTAACCCCGTGAGGGGATGGAAACTGCTGATCTAGAGTATCGGAGAGGAAAGTGGAATTCCTAGTGTAGCGGTGAAATGCGTAGATATTAGGAAGAACACCAGTGGCGAAGGCGACTTTCTGGACGAAAACTGACGCTGAGGCGCGAAAGCCAGGGGAGCGAACGGG,ASV41
-0.061436,0.038268,Bacteria,Bacteroidota,Bacteroidia,Flavobacteriales,Flavobacteriaceae,Capnocytophaga,sputigena,TACGGAGGATGCGAGCGTTATCCGGAATCATTGGGTTTAAAGGGTCCGTAGGCGGGCTGATAAGTCAGAGGTGAAAGCGCTTAGCTCAACTAAGCAACTGCCTTTGAAACTGTCAGTCTTGAATGATTGTGAAGTAGTTGGAATGTGTAGTGTAGCGGTGAAATGCTTAGATATTACACAGAACACCGATAGCGAAGGCATATTACTAACAATTTATTGACGCTGATGGACGAAAGCGTGGGGAGCGAACAGG,ASV45
0.076967,-0.020513,Bacteria,Firmicutes,Negativicutes,Veillonellales-Selenomonadales,Veillonellaceae,Veillonella,parvula,TACGTAGGTGGCAAGCGTTGTCCGGAATTATTGGGCGTAAAGCGCGCGCAGGCGGATCGGTCAGTCTGTCTTAAAAGTTCGGGGCTTAACCCCGTGATGGGATGGAAACTGCCAATCTAGAGTATCGGAGAGGAAAGTGGAATTCCTAGTGTAGCGGTGAAATGCGTAGATATTAGGAAGAACACCAGTGGCGAAGGCGACTTTCTGGACGAAAACTGACGCTGAGGCGCGAAAGCCAGGGGAGCGAACGGG,ASV47
0.1064,0.085458,Bacteria,Fusobacteriota,Fusobacteriia,Fusobacteriales,Fusobacteriaceae,Fusobacterium,naviforme/nucleatum,TACGTATGTCACGAGCGTTATCCGGATTTATTGGGCGTAAAGCGCGTCTAGGTGGTTATGTAAGTCTGATGTGAAAATGCAGGGCTCAACTCTGTATTGCGTTGGAAACTGTATAACTAGAGTACTGGAGAGGTAAGCGGAACTACAAGTGTAGAGGTGAAATTCGTAGATATTTGTAGGAATGCCGATGGGGAAGCCAGCTTACTGGACAGATACTGACGCTGAAGCGCGAAAGCGTGGGTAGCAAACAGG,ASV48
0.098616,0.028042,Bacteria,Actinobacteriota,Actinobacteria,Actinomycetales,Actinomycetaceae,F0332,NA,TACGTAGGGCGCGAGCGTTGTCCGGAATTATTGGGCGTAAAGGGCTCGTAGGCGGCTTGTCGCGTCTGCTGTGAAAATGCGGGGCTTAACTCCGTACGTGCAGTGGGTACGGGCAGGCTAGAGTGCGGTAGGGGTGACTGGAATTCCTGGTGTAGCGGTGGAATGCGCAGATATCAGGAGGAACACCGATGGCGAAGGCAGGTCACTGGGCTGTTACTGACGCTGAGGAGCGAAAGCGTGGGGAGCGAACAGG,ASV49
0.060983,0.093518,Bacteria,Bacteroidota,Bacteroidia,Flavobacteriales,Flavobacteriaceae,Capnocytophaga,leadbetteri,TACGGAGGATGCGAGCGTTATCCGGAATCATTGGGTTTAAAGGGTCCGTAGGCGGGCTAATAAGTCAGAGGTGAAAGCGCTCAGCTCAACTGAGCAACTGCCTTTGAAACTGTTAGTCTTGAATGGTTGTGAAGTAGTTGGAATGTGTAGTGTAGCGGTGAAATGCTTAGATATTACACAGAACACCGATAGCGAAGGCATATTACTAACAATTAATTGACGCTGATGGACGAAAGCGTGGGGAGCGAACAGG,ASV50
-0.039887,0.11302,Bacteria,Proteobacteria,Gammaproteobacteria,Pasteurellales,Pasteurellaceae,Aggregatibacter,aphrophilus/kilianii,TACGGAGGGTGCGAGCGTTAATCGGAATAACTGGGCGTAAAGGGCACGCAGGCGGACTTTTAAGTGAGGTGTGAAATCCCCGGGCTTAACCTGGGAATTGCATTTCAGACTGGGGGTCTAGAGTACTTTAGGGAGGGGTAGAATTCCACGTGTAGCGGTGAAATGCGTAGAGATGTGGAGGAATACCGAAGGCGAAGGCAGCCCCTTGGGAATGTACTGACGCTCATGTGCGAAAGCGTGGGGAGCAAACAGG,ASV51
0.095322,0.17209,Bacteria,Bacteroidota,Bacteroidia,Flavobacteriales,Flavobacteriaceae,Capnocytophaga,granulosa,TACGGAGGATGCGAGCGTTATTCGGAATCATTGGGTTTAAAGGGTCTGTAGGCGGGCTATTAAGTCAGGGGTGAAAGGTTTCAGCTTAACTGAGAAATTGCCTTTGATACTGGTAGTCTTGAATATCTGTGAAGTTCTTGGAATGTGTAGTGTAGCGGTGAAATGCTTAGATATTACACAGAACACCGATTGCGGAGGCAGGGGACTAACAGACGATTGACGCTGAGAGACGAAAGCGTGGGGAGCGAACAGG,ASV52
0.0050156,0.013034,Bacteria,Bacteroidota,Bacteroidia,Bacteroidales,Prevotellaceae,Prevotella,nanceiensis,TACGGAAGGTCCAGGCGTTATCCGGATTTATTGGGTTTAAAGGGTGCGTAGGCCGTTTGATAAGCGTGCTGTGAAATATAGTGGCTCAACCTCTATCGTGCAGCGCGAACTGTTGAACTTGAGTGCGTAGTAGGTAGGCGGAATTCGTGGTGTAGCGGTGAAATGCTTAGATATCACGAAGAACTCCGATTGCGAAGGCAGCTTACCGTAACGTTACTGACGCTTAAGCACGAAGGTGCGGGTATCGAACAGG,ASV53
-0.0041973,-0.049004,Bacteria,Bacteroidota,Bacteroidia,Bacteroidales,Prevotellaceae,NA,NA,TACGGAAGGTCCGGGCGTTATCCGGATTTATTGGGTTTAAAGGGAGCGTAGGCCGTGGATTAAGCGTGTTGTGAAATGCAGGTGCTCAACGTCTGCACTGCAGCGCGAACTGGTCCACTTGAGTGTGCGCAACGCAGGCGGAATTCGTCGTGTAGCGGTGAAATGCTTAGATATGACGAAGAACTCCGATTGCGAAGGCAGCTTGCGGGAGCACAACTGACGCTGAAGCTCGAAAGTGCGGGTATCGAACAGG,ASV58
-0.072014,0.022956,Bacteria,Bacteroidota,Bacteroidia,Flavobacteriales,Flavobacteriaceae,Capnocytophaga,gingivalis,TACGGAGGATGCGAGCGTTATTCGGAATCATTGGGTTTAAAGGGTCTGTAGGCGGGCTATTAAGTCAGGGGTGAAAGGTTTCAGCTTAACTGAGAAATTGCCTTTGATACTGGTAGTCTTGAATATCTGTGAAGTTCTTGGAATGTGTAGTGTAGCGGTGAAATGCTTAGATATTACACAGAACACCGATTGCGAAGGCAGGGGACTAACAGACAATTGACGCTGAGAGACGAAAGCGTGGGGAGCGAACAGG,ASV59
0.077464,0.13639,Bacteria,Proteobacteria,Gammaproteobacteria,Cardiobacteriales,Cardiobacteriaceae,Cardiobacterium,hominis,TACGGAGGGTGCGAGCGTTATTCGGAATTACTGGGCGTAAAGCGCACGCAGGCGGTTGCCCAAGTCAGATGTGAAAGCCCCGGGCTTAACCTGGGAACTGCATTTGAAACTGGGCGACTAGAGTATGAAAGAGGAAAGCGGAATTTCCAGTGTAGCAGTGAAATGCGTAGATATTGGAAGGAACACCGATGGCGAAGGCAGCTTTCTGGGTCGATACTGACGCTCATGTGCGAAAGCGTGGGGAGCAAACAGG,ASV61
-0.049191,0.026456,Bacteria,Proteobacteria,Gammaproteobacteria,Burkholderiales,Burkholderiaceae,Lautropia,NA,TACGTAGGGTGCGAGCGTTAATCGGAATTACTGGGCGTAAAGAGTGCGCAGGCGGTTTTGCAAGACCGATGTGAAATCCCCGGGCTTAACCTGGGAACTGCATTGGTGACTGCAAGGCTAGAGTGTGTCAGAGGGAGGTGGAACTCCGCATGTAGCAGTGAAATGCGTAGATATGCGGAAGAACACCGATGGCGAAGGCAGCCTCCTGGGATAACACTGACGCTCATGCACGAAAGCGTGGGGAGCAAACAGG,ASV62
-0.15375,-0.071422,Bacteria,Actinobacteriota,Actinobacteria,Corynebacteriales,Corynebacteriaceae,Corynebacterium,durum,TACGTAGGGTGCAAGCGTTGTCCGGATTTACTGGGCGTAAAGAGCTCGTAGGTGGTGTGTCGCGTCGTCTGTGAAATTCCGGGGCTTAACTCCGGGCGTGCAGGCGATACGGGCACGACTAGAGTGCTGTAGGGGTAACTGGAATTCCTGGTGTAGCGGTGAAATGCGCAGATATCAGGAGGAACACCGATGGCGAAGGCAGGTTACTGGGCAGTTACTGACGCTGAGGAGCGAAAGCATGGGGAGCGAACAGG,ASV63
-0.0050049,-0.038254,Bacteria,Firmicutes,Bacilli,Lactobacillales,Streptococcaceae,Streptococcus,anginosus/intermedius,TACGTAGGTCCCGAGCGTTGTCCGGATTTATTGGGCGTAAAGCGAGCGCAGGCGGTTAGATAAGTCTGAAGTTAAAGGCAGTGGCTCAACCATTGTAGGCTTTGGAAACTGTTTAACTTGAGTGCAGAAGGGGAGAGTGGAATTCCATGTGTAGCGGTGAAATGCGTAGATATATGGAGGAACACCGGTGGCGAAAGCGGCTCTCTGGTCTGTAACTGACGCTGAGGCTCGAAAGCGTGGGGAGCGAACAGG,ASV65
0.15793,0.19722,Bacteria,Fusobacteriota,Fusobacteriia,Fusobacteriales,Leptotrichiaceae,Leptotrichia,buccalis,TACGTATGTCGCAAGCGTTATCCGGAATTATTGGGCATAAAGGGCATCTAGGCGGCCAGACAAGTCTGGGGTGAAAACTTGCGGCTCAACCGCAAGCCTGCCCTGGAAACTGTTTGGCTAGAGTGCTGGAGAGGTGGACGGAACTGCACGAGTAGAGGTGAAATTCGTAGATATGTGCAGGAATGCCGATGATGAAGATAGTTCACTGGACGGTAACTGACGCTGAAGTGCGAAAGCTGGGGGAGCGAACAGG,ASV66
0.010992,-0.021262,Bacteria,Firmicutes,Negativicutes,Veillonellales-Selenomonadales,Veillonellaceae,Dialister,invisus,TACGTAGGTGGCAAGCGTTGTCCGGAATTATTGGGCGTAAAGCGCGCGCAGGCGGCTTCCCAAGTCCCTCTTAAAAGTGCGGGGCTTAACCCCGTGATGGGAAGGAAACTGGGAAGCTGGAGTATCGGAGAGGAAAGTGGAATTCCTAGTGTAGCGGTGAAATGCGTAGAGATTAGGAAGAACACCGGTGGCGAAGGCGACTTTCTGGACGAAAACTGACGCTGAGGCGCGAAAGCGTGGGGAGCAAACAGG,ASV70
0.18244,0.11646,Bacteria,Firmicutes,Negativicutes,Veillonellales-Selenomonadales,Selenomonadaceae,Centipeda,NA,TACGTAGGTGGCGAGCGTTGTCCGGAATCATTGGGCGTAAAGGGAGCGCAGGCGGGCATGTAAGTCTTTCTTAAAAGTGCGGGGCTCAACCCCGTGATGGGAAAGAAACTATGTGTCTTGAGTACAGGAGAGGAAAGCGGAATTCCCAGTGTAGCGGTGAAATGCGTAGATATTGGGAGGAACACCAGTGGCGAAGGCGGCTTTCTGGACTGCAACTGACGCTGAGGCTCGAAAGCCAGGGGAGCGAACGGG,ASV72
0.162,0.08136,Bacteria,Bacteroidota,Bacteroidia,Bacteroidales,Prevotellaceae,NA,NA,TACGGAAGGTCCGGGCGTTATCCGGATTTATTGGGTTTAAAGGGAGCGTAGGCCGCCCCTTAAGCGTGTTGTGAAATGCGGGTGCTCAACATCCGACTTGCAGCGCGAACTGGGGGGCTTGAGTGCGCCGAAAGTAGGCGGAATTCGTGGTGTAGCGGTGAAATGCTTAGATATCACGAAGAACTCCGATTGCGAAGGCAGCTTACTGTAGCGCAACTGACGCTGATGCTCGAAAGCGTGGGTATCGAACAGG,ASV74
0.03745,-0.0036201,Bacteria,Actinobacteriota,Actinobacteria,Actinomycetales,Actinomycetaceae,Actinomyces,massiliensis,TACGTAGGGCGCGAGCGTTGTCCGGAATTATTGGGCGTAAAGGGCTTGTAGGCGGCTGGTCGCGTCTGCCGTGAAATCCTCTGGCTCAGCTGGGGGCGTGCGGTGGGTACGGGCTGGCTTGAGTGCGGTAGGGGAGACTGGAACTCCTGGTGTAGCGGTGGAATGCGCAGATATCAGGAGGAACACCGGTGGCGAAGGCGGGTCTCTGGGCCGTTACTGACGCTGAGGAGCGAAAGCGTGGGGAGCGAACAGG,ASV75
0.019125,0.046909,Bacteria,Fusobacteriota,Fusobacteriia,Fusobacteriales,Leptotrichiaceae,Leptotrichia,NA,TACGTATGTCGCGAGCGTTATCCGGAATTATTGGGCATAAAGGGCATCTAGGCGGCCTGACAAGTCAGGGGTGAAAACCTGCGGCTCAACCGCAGGCCTGCCTTTGAAACTGTGAGGCTGGAGTACCGGAGAGGTGGACGGAACTGCACGAGTAGAGGTGAAATTCGTAGATATGTGCAGGAATGCCGATGATGAAGATAGTTCACTGGACGGTAACTGACGCTGAAGTGCGAAAGCCGGGGGAGCAAACAGG,ASV76
0.16248,0.13236,Bacteria,Fusobacteriota,Fusobacteriia,Fusobacteriales,Fusobacteriaceae,Fusobacterium,nucleatum,TACGTATGTCACAAGCGTTATCCGGATTTATTGGGCGTAAAGCGCGTCTAGGTGGTTATATAAGTCTGATGTGAAAATGCAGGGCTCAACTCTGTATTGCGTTGGAAACTGTGTAACTAGAGTACTGGAGAGGTAAGCGGAACTACAAGTGTAGAGGTGAAATTCGTAGATATTTGTAGGAATGCCGATGGGGAAGCCAGCTTACTGGACAGATACTGACGCTGAAGCGCGAAAGCGTGGGTAGCAAACAGG,ASV79
-0.0039875,-0.078709,Bacteria,Actinobacteriota,Actinobacteria,Actinomycetales,Actinomycetaceae,F0332,NA,TACGTAGGGCGCGAGCGTTGTCCGGAATTATTGGGCGTAAAGGGCTCGTAGGCGGCTTGTCGCGTCTGCTGTGAAAACGCGGGGCTCAACTCCGCGCGTGCAGTGGGTACGGGCAGGCTGGAGTGCGGCAGGGGTGGCTGGAATTCCTGGTGTAGCGGTGGAATGCGCAGATATCAGGAAGAACACCGATGGCGAAGGCAGGCCACTGGGCCGTCACTGACGCTGAGGAGCGAAAGCGTGGGGAGCGAACAGG,ASV87
0.15714,0.076478,Bacteria,Fusobacteriota,Fusobacteriia,Fusobacteriales,Leptotrichiaceae,Leptotrichia,hofstadii,TACGTATGTCGCAAGCGTTATCCGGAATTATTGGGCATAAAGGGCATCTAGGCGGCCAGGCAAGTCTGGGGTGAAAACTTGCGGCTCAACCGCAAGCCTGCCCTGGAAACTGCCTGGCTAGAGTGCTGGAGAGGTGGACGGAACTGCACGAGTAGAGGTGAAATTCGTAGATATGTGCAGGAATGCCGATGATGAAGATAGTTCACTGGACGGCAACTGACGCTGAAGTGCGAAAGCTGGGGGAGCGAACAGG,ASV90
0.1598,0.12328,Bacteria,Firmicutes,Negativicutes,Veillonellales-Selenomonadales,Selenomonadaceae,Selenomonas,sputigena,TACGTAGGTGGCGAGCGTTGTCCGGAATTATTGGGCGTAAAGGGAGCGCAGGCGGACATATAAGTCCATCTTAAAAGTGCGGGGCTCAACCCCGTGAGGGGATGGAAACTGTATGCCTTGAGTGCAGGAGAGGAAAGCGGAATTCCCAGTGTAGCGGTGAAATGCGTAGATATTGGGAGGAACACCAGTGGCGAAGGCGGCTTTCTGGACTGTAACTGACGCTGAGGCTCGAAAGCCAGGGGAGCGAACGGG,ASV91
-0.0045585,0.10558,Bacteria,Proteobacteria,Gammaproteobacteria,Burkholderiales,Neisseriaceae,Neisseria,NA,TACGTAGGGTGCGAGCGTTAATCGGAATTACTGGGCGTAAAGCGAGCGCAGACGGTTACTTAAGCAGGATGTGAAATCCCCGGGCTCAACCTGGGAACTGCGTTCTGAACTGGGTGACTAGAGTGTGTCAGAGGGAGGTAGAATTCCACGTGTAGCAGTGAAATGCGTAGAGATGTGGAGGAATACCGATGGCGAAGGCAGCCTCCTGGGATAACACTGACGTTCATGCCCGAAAGCGTGGGTAGCAAACAGG,ASV92
0.095127,0.12851,Bacteria,Fusobacteriota,Fusobacteriia,Fusobacteriales,Leptotrichiaceae,Leptotrichia,NA,TACGTATGTCGCGAGCGTTATCCGGAATTATTGGGCATAAAGGGCATCTAGGCGGCCTAACAAGTCAGGGGTGAAAACCTGCGGCTCAACCGCAGGCCTGCCTTTGAAACTGTAAGGCTGGAGTACCGGAGAGGTGGACGGAACTGCACGAGTAGAGGTGAAATTCGTAGATATGTGCAGGAATGCCGATGATGAAGATAGTCCACTGGACGGAAACTGACGCTGAAGTGCGAAAGCCGGGGGAGCGAACAGG,ASV93
0.17713,0.17007,Bacteria,Firmicutes,Negativicutes,Veillonellales-Selenomonadales,Selenomonadaceae,Centipeda,NA,TACGTAGGTGGCGAGCGTTGTCCGGAATCATTGGGCGTAAAGGGAGCGCAGGCGGGCATGTAAGTCTTTCTTAAAAGTTCGGGGCTCAACCCCGTGATGGGAAAGAAACTACATGTCTTGAGTACAGGAGAGGAAAGCGGAATTCCCAGTGTAGCGGTGAAATGCGTAGATATTGGGAGGAACACCAGTGGCGAAGGCGGCTTTCTGGACTGCAACTGACGCTGAGGCTCGAAAGCCAGGGGAGCGAACGGG,ASV96
-0.032162,-0.11235,Bacteria,Campilobacterota,Campylobacteria,Campylobacterales,Campylobacteraceae,Campylobacter,gracilis,TACGGAGGGTGCAAGCGTTACTCGGAATCACTGGGCGTAAAGGACGCGTAGGCGGATTATCAAGTCTCTTGTGAAATCTAACGGCTTAACCGTTAAACTGCTTGGGAAACTGATAATCTAGAGTAAGGGAGAGGCAGATGGAATTCTTGGTGTAGGGGTAAAATCCGTAGATATCAAGAAGAATACCTATTGCGAAGGCGATCTGCTGGAACTTAACTGACGCTAATGCGTGAAAGCGTGGGGAGCAAACAGG,ASV98
0.16197,0.18629,Bacteria,Firmicutes,Clostridia,Lachnospirales,Lachnospiraceae,Lachnoanaerobaculum,cf.,TACGTAGGGGGCAAGCGTTATCCGGATTTACTGGGTGTAAAGGGAGCGCAGACGGCAATGCAAGTCTGAAGTGAAAGGCGTGGGCTCAACCCATGAACTGCTTTGGAAACTGTATAGCTTGAGTGTCGGAGGGGTAAGCGGAATTCCTAGTGTAGCGGTGAAATGCGTAGATATTAGGAGGAACACCGGAGGCGAAGGCGGCTTACTGGACGACAACTGACGTTGAGGCTCGAAGGCGTGGGGAGCAAACAGG,ASV99
-0.11682,-0.058774,Bacteria,Firmicutes,Bacilli,Lactobacillales,Aerococcaceae,Abiotrophia,defectiva,TACGTAGGTGGCGAGCGTTGTCCGGATTTATTGGGCGTAAAGGGAGTGTAGGCGGTCTTTTAAGTCTGATGTGAAAGCCCACGGCTCAACCGTGGAGGGTCATTGGAAACTGGGAGACTTGAGTGCAGAAGAGGAGAGCGGAATTCCATGTGTAGCGGTGAAATGCGTAGATATATGGAGGAACACCAGTGGCGAAGGCGGCTCTCTGGTCTGTAACTGACGCTGAGGCTCGAAAGCGTGGGGAGCAAACAGG,ASV100
-0.047272,-0.034691,Bacteria,Bacteroidota,Bacteroidia,Bacteroidales,Porphyromonadaceae,Porphyromonas,catoniae,TACGGAGGATGCGAGCGTTATCCGGATTTATTGGGTTTAAAGGGTGCGTAGGCGGCCTGTTAAGTCAGCGGTGAAATCTAGGGGCTTAACTCCTAAATTGCCATTGATACTGGTGGGCTTGAGTGTAGATGAGGTAGGCGGAATGCGTGGTGTAGCGGTGGAATGCATAGATATCACGCAGAACTCCAATTGCGAAGGCAGCTTACTAAGGTACAACTGACGCTGAAGCACGAAAGCGTGGGTATCAAACAGG,ASV102
0.0098756,0.098178,Bacteria,Proteobacteria,Gammaproteobacteria,Burkholderiales,Neisseriaceae,Eikenella,NA,TACGTAGGGTGCGAGCGTTAATCGGAATTACTGGGCGTAAAGCGAGCGCAGACGGTTACTTAAGCAGGATGTGAAATCCCCGGGCTTAACCTGGGAACTGCGTTCTGAACTGGGTAGCTAGAGTATGTCAGAGGGGGGTAGAATTCCACGTGTAGCAGTGAAATGCGTAGAGATGTGGAGGAATACCGATGGCGAAGGCAGCCCCCTGGGATAATACTGACGTTCATGCTCGAAAGCGTGGGTAGCAAACAGG,ASV105
-0.069368,0.01414,Bacteria,Bacteroidota,Bacteroidia,Flavobacteriales,Weeksellaceae,Bergeyella,NA,TACGGAGGGTGCAAGCGTTATCCGGATTTATTGGGTTTAAAGGGTCCGTAGGTGGGCTGATAAGTCAGCGGTGAAATCCTGCAGCTTAACTGTAGAACTGCCGTTGATACTGTTAGTCTTGAGTGTATTTGAAGTGGCTGGAATAAGTAGTGTAGCGGTGAAATGCATAGATATTACTTAGAACACCAATTGCGAAGGCAGGTCACTAAGATACAACTGACGCTGAGGGACGAAAGCGTGGGGAGCGAACAGG,ASV106
0.08533,0.055329,Bacteria,Actinobacteriota,Actinobacteria,Actinomycetales,Actinomycetaceae,Actinomyces,georgiae/pacaensis,TACGTAGGGCGCGAGCGTTGTCCGGAATTATTGGGCGTAAAGGGCTTGTAGGCGGCTGGTCGCGTCTGCCGTGAAATCCTCTGGCTCAACTGGGGGCGTGCGGTGGGTACGGGCTGGCTTGAGTGCGGTAGGGGAGGCTGGAACTCCTGGTGTAGCGGTGGAATGCGCAGATATCAGGAAGAACACCGGTGGCGAAGGCGGGTCTCTGGGCCGTTACTGACGCTGAGGAGCGAAAGCGTGGGGAGCGAACAGG,ASV114
0.082621,0.12012,Bacteria,Fusobacteriota,Fusobacteriia,Fusobacteriales,Fusobacteriaceae,Fusobacterium,hwasookii/nucleatum/periodonticum,TACGTATGTCACAAGCGTTATCCGGATTTATTGGGCGTAAAGCGCGTCTAGGTGGTTATGTAAGTCTGATGTGAAAATGCAGGGCTCAACTCTGTATTGCGTTGGAAACTGTGTAACTAGAGTACTGGAGAGGTAAGCGGAACTACAAGTGTAGAGGTGAAATTCGTAGATATTTGTAGGAATGCCGATGGGGAAGCCAGCTTACTGGACAGATACTGACGCTAAAGCGCGAAAGCGTGGGTAGCAAACAGG,ASV117
0.18783,0.12499,Bacteria,Bacteroidota,Bacteroidia,Bacteroidales,Tannerellaceae,Tannerella,NA,TACGGAGGATGCGAGCGTTATCCGGATTTATTGGGTTTAAAGGGTGCGTAGGTGGGCTATTAAGTCAGTGGTGAAAGTTTGTCGCTCAACGATAAAATTGCCGTTGAAACTGGTGGTCTTGAGTATGGATGAAGTAGGCGGAATGCGTGGTGTAGCGGTGAAATGCATAGAGATCACGCAGAACTCCGATTGCGAAGGCAGCTTACTAAGGCATAACTGACACTGAAGCACGAAAGCGTGGGTATCAAACAGG,ASV118
-0.0049933,0.071871,Bacteria,Proteobacteria,Gammaproteobacteria,Burkholderiales,Comamonadaceae,Comamonas,NA,TACGTAGGGTGCGAGCGTTAATCGGAATTACTGGGCGTAAAGCGTGCGCAGGCGGTTTCGTAAGACCGATGTGAAATCCCCGGGCTCAACCTGGGAACTGCATTGGTGACTGCGAAACTGGAGTGCGGCAGAGGGAGATGGAATTCCGCGTGTAGCAGTGAAATGCGTAGATATGCGGAGGAACACCGATGGCGAAGGCAGTCTCCTGGGCCTGCACTGACGCTCATGCACGAAAGCGTGGGGAGCAAACAGG,ASV121
0.015751,-0.03667,Bacteria,Fusobacteriota,Fusobacteriia,Fusobacteriales,Fusobacteriaceae,Fusobacterium,nucleatum,TACGTATGTCACGAGCGTTATCCGGATTTATTGGGCGTAAAGCGCGTCTAGGTGGTTATGTAAGTCTGATGTGAAAATGCAGGGCTCAACTCTGTATTGCGTTGGAAACTGTGTAACTAGAGTACTGGAGAGGTAAGCGGAACTACAAGTGTAGAGGTGAAATTCGTAGATATTTGTAGGAATGCCGATGGGGAAGCCAGCTTACTGGACAGATACTGACGCTGAAGCGCGAAAGCGTGGGTAGCAAACAGG,ASV123
0.1384,0.074687,Bacteria,Fusobacteriota,Fusobacteriia,Fusobacteriales,Leptotrichiaceae,Leptotrichia,shahii/wadei,TACGTATGTCGCGAGCGTTATCCGGAATTATTGGGCATAAAGGGCATCTAGGCGGCCCTGTAAGTCTAGGGTGAAAACCTGCGGCTCAACCGCAGGCCTGCCCCGGAAACTACAGGGCTAGAGTGCTGGAGAGGTGGACGGAACTGCACGAGTAGAGGTGAAATTCGTAGATATGTGCAGGAATGCCGATGATGAAGATAGTTCACTGGACGGCAACTGACGCTGAAGTGCGAAAGCTAGGGGAGCAAACAGG,ASV124
-0.048514,-0.064871,Bacteria,Proteobacteria,Gammaproteobacteria,Burkholderiales,Neisseriaceae,Neisseria,bacilliformis/lactamica/meningitidis,TACGTAGGGTGCGAGCGTTAATCGGAATTACTGGGCGTAAAGCGGGCGCAGACGGTTACTTAAGCGGGATGTGAAATCCCCGGGCTCAACCCGGGAACTGCGTTCCGAACTGGGTGGCTAGAGTGTGTCAGAGGGGGGTAGAATTCCACGTGTAGCAGTGAAATGCGTAGAGATGTGGAGGAATACCGATGGCGAAGGCAGCCCCCTGGGATAACACTGACGTTCATGCCCGAAAGCGTGGGTAGCAAACAGG,ASV130
0.13273,0.051262,Bacteria,Firmicutes,Negativicutes,Veillonellales-Selenomonadales,Selenomonadaceae,Selenomonas,artemidis,TACGTAGGTGGCGAGCGTTGTCCGGAATCATTGGGCGTAAAGGGAGCGCAGGCGGCCATGTAAGTCTTGCTTAAAAGTTCGGGGCTCAACCCCGTGATGGGCAAGAAACTATATGGCTTGAGTGCAGGAGAGGAAAGCGGAATTCCCAGTGTAGCGGTGAAATGCGTAGATATTGGGAGGAACACCAGTGGCGAAGGCGGCTTTCTGGACTGCAACTGACGCTGAGGCTCGAAAGCCAGGGGAGCGAACGGG,ASV133
0.04612,0.11279,Bacteria,Fusobacteriota,Fusobacteriia,Fusobacteriales,Leptotrichiaceae,Leptotrichia,NA,TACGTATGTCGCGAGCGTTATCCGGAATTATTGGGCATAAAGGGCATCTAGGCGGCACGACAAGTCAGGGGTGAAAACTTGCGGCTCAACTGCAAGCTTGCCTTTGAAACTGTAGTGCTAGAGTATTGGAAAGGTGGGCGGAACTACACGAGTAGAGGTGAAATTCGTAGATATGTGTAGGAATGCCGATGATGAAGATAGCTCACTGGACGATAACTGACGCTGAAGTGCGAAAGCTAGGGGAGCGAACAGG,ASV134
0.094479,0.15133,Bacteria,Firmicutes,Clostridia,Clostridia_UCG-014,NA,NA,NA,TACATATGGGGCGAGCGTTATCCGGATTTATTGGGTGTAAAGGGTGCGTAGGCGGGAAAATAAGTCAGTATGTGAAATCCCTCGGCTCAACTGAGGAACTGCAACTGAAACTATTTTTCTTGAGTGTTGAAGGGGAAAGTGGAATTCCTAGTGTAGCGGTGAAATGCGTAGAGATTAGGAGGAACACCAGTGGCGAAGGCGACTTTCTGGGCAACAACTGACGCTGAGGCACGAAAGTGTGGGGAGCAAACAGG,ASV139
0.11464,0.021237,Bacteria,Bacteroidota,Bacteroidia,Bacteroidales,Prevotellaceae,Prevotella,maculosa,TACGGAAGGTCCGGGCGTTATCCGGATTTATTGGGTTTAAAGGGAGCGTAGGCCGTGGATTAAGCGTGTTGTGAAATGTAGACGCTCAACGTCTGACTTGCAGCGCGAACTGGTCCACTTGAGTGTGCACAACGCAGGCGGAATTCGTCGTGTAGCGGTGAAATGCTTAGATATGACGAAGAACCCCGATTGCGAAGGCAGCTTGCGGGAGCACGACTGACGCTGAAGCTCGAAAGTGCGGGTATCGAACAGG,ASV140
0.1329,0.17697,Bacteria,Campilobacterota,Campylobacteria,Campylobacterales,Campylobacteraceae,Campylobacter,rectus/showae,TACGGAGGGTGCAAGCGTTACTCGGAATCACTGGGCGTAAAGGACGCGTAGGCGGATTATCAAGTCTCTTGTGAAATCTAACGGCTTAACCGTTAAACTGCTTGGGAAACTGATAATCTAGAGTAAGGGAGAGGCAGATGGAATTCTTGGTGTAGGGGTAAAATCCGTAGAGATCAAGAAGAATACCCATTGCGAAAGCGATCTGCTGGAACTTAACTGACGCTAATGCGTGAAAGCGTGGGGAGCAAACAGG,ASV144
0.10683,0.14977,Bacteria,Fusobacteriota,Fusobacteriia,Fusobacteriales,Fusobacteriaceae,Fusobacterium,nucleatum,TACGTATGTCACAAGCGTTATCCGGATTTATTGGGCGTAAAGCGCGTCTAGGTGGTTATGTAAGTCTGATGTGAAAATGCAGGGCTCAACTCTGTATTGCGTTGGAAACTGTATAACTAGAGTACTGGAGAGGTAAGCGGAACTACAAGTGTAGAGGTGAAATTCGTAGATATTTGTAGGAATGCCGATGGGGAAGCCAGCTTACTGGACAGATACTGACGCTGAAGCGCGAAAGCGTGGGTAGCAAACAGG,ASV153
0.085828,-0.012127,Bacteria,Firmicutes,Clostridia,Lachnospirales,Lachnospiraceae,Stomatobaculum,longum,TACGTAGGGGGCAAGCGTTATCCGGATTTACTGGGTGTAAAGGGAGCGCAGACGGCTCTGCAAGTCTGAAGTGAAAGCCCGCGGCTTAACCGCGGGACTGCTTTGGAAACTGCAAGGCTTGAGTATCGGAGGGGCAGGCGGAATTCCTAGTGTAGCGGTGAAATGCGTAGATATTAGGAAGAACACCGGTGGCGAAGGCGGCCTGCTGGACGAAAACTGACGTTGAGGCTCGAAGGCGTGGGGAGCAAACAGG,ASV156
0.098736,0.15183,Bacteria,Bacteroidota,Bacteroidia,Flavobacteriales,Flavobacteriaceae,Capnocytophaga,NA,TACGGAGGATGCGAGCGTTATCCGGAATCATTGGGTTTAAAGGGTCTGTAGGCGGGCTGGTAAGTCAGAGGTGAAAGCGCTTAGCTCAACTAAGCAACTGCCTTTGAAACTGCTGGTCTTGAATGGTTGTGAAGTAGTTGGAATGTGTAGTGTAGCGGTGAAATGCTTAGATATTACACAGAACACCGATAGCGAAGGCATATTACTAACAATTAATTGACGCTGATGGACGAAAGCGTGGGGAGCGAACAGG,ASV157
0.1187,0.14738,Bacteria,Fusobacteriota,Fusobacteriia,Fusobacteriales,Leptotrichiaceae,Leptotrichia,massiliensis,TACGTATGTCGCAAGCGTTATCCGGAATTATTGGGCATAAAGGGCATCTAGGCGGCCAGACAAGTCTGGGGTGAAAACTTGCGGCTCAACCGCAAGCCTGCCCTGGAAACTGTTTGGCTAGAGTGCTGGAGAGGTGGACGGAACTGCACGAGTAGAGGTGAAATTCGTAGATATGTGCAGGAATGCCGATGATGAAGATAGTTCACTGGACGGCAACTGACGCTGAAGTGCGAAAGCTAGGGGAGCGAACAGG,ASV158
0.16716,0.11113,Bacteria,Bacteroidota,Bacteroidia,Flavobacteriales,Flavobacteriaceae,Capnocytophaga,NA,TACGGAGGATGCGAGCGTTATCCGGAATCATTGGGTTTAAAGGGTCCGTAGGCGGGCTAATAAGTCAGGGGTGAAATCGTTCAGCTCAACTGAGCAACTGCCTTTGAAACTGTTAGTCTTGAATAGTTGTGAAGTAGTTGGAATGTGTAGTGTAGCGGTGAAATGCTTAGAGATTACACAGAACACCGATAGCGAAGGCATATTACTAACAATTGATTGACGCTGATGGACGAAAGCGTGGGGAGCGAACAGG,ASV161
0.18461,0.10241,Bacteria,Campilobacterota,Campylobacteria,Campylobacterales,Campylobacteraceae,Campylobacter,concisus,TACGGAGGGTGCAAGCGTTACTCGGAATCACTGGGCGTAAAGGACGCGTAGGCGGATTATCAAGTCTCTTGTGAAATCCTATGGCTTAACCATAGAACTGCTTGGGAAACTGGTAATCTAGAGTGAGGGAGAGGCAGATGGAATTGGTGGTGTAGGGGTAAAATCCGTAGAGATCACCAGGAATACCCATTGCGAAGGCGATCTGCTGGAACTCAACTGACGCTAATGCGTGAAAGCGTGGGGAGCAAACAGG,ASV170
0.1041,0.00040346,Bacteria,Firmicutes,Clostridia,Lachnospirales,Lachnospiraceae,Lachnoanaerobaculum,NA,TACGTAGGGGGCAAGCGTTATCCGGATTTACTGGGTGTAAAGGGAGCGCAGACGGCCAAGCAAGTCTGAAGTGAAATGCATGGGCTCAACCCATGAATTGCTTTGGAAACTGTTAGGCTTGAGTGTCGGAGGGGTAAGCGGAATTCCTAGTGTAGCGGTGAAATGCGTAGATATTAGGAGGAACACCGGAGGCGAAGGCGGCTTACTGGACGACAACTGACGTTGAGGCTCGAAGGCGTGGGGAGCAAACAGG,ASV180
0.10825,0.091157,Bacteria,Proteobacteria,Gammaproteobacteria,Cardiobacteriales,Cardiobacteriaceae,Cardiobacterium,valvarum,TACGGAGGGTGCAAGCGTTATTCGGAATTACTGGGCGTAAAGCGCACGCAGGCGGCTACCTAAGTCAGATGTGAAAGCCCCGGGCTTAACCTGGGAACTGCATTTGAAACTGGGTGGCTAGAGTATGAAAGAGGAAAGCGGAATTTCCAGTGTAGCAGTGAAATGCGTAGATATTGGAAGGAACACCGATGGCGAAGGCAGCTTTCTGGGTCGATACTGACGCTCATGTGCGAAAGCGTGGGGAGCAAACAGG,ASV188
0.029111,0.054643,Bacteria,Proteobacteria,Gammaproteobacteria,Burkholderiales,Neisseriaceae,Conchiformibius,NA,TACGTAGGGTGCGAGCGTTAATCGGAATTACTGGGCGTAAAGCGAGCGCAGACGGTTATTTAAGCAGGATGTGAAATCCCCGGGCTTAACCTGGGAACTGCGTTCTGAACTGGATAGCTAGAGTGTGTCAGAGGGGGGTAGAATTCCACGTGTAGCAGTGAAATGCGTAGAGATGTGGAGGAATACCGATGGCGAAGGCAGCCCCCTGGGATAACACTGACGTTCATGCTCGAAAGCGTGGGTAGCAAACAGG,ASV210
-0.037479,0.018611,Bacteria,Patescibacteria,Gracilibacteria,Absconditabacteriales_(SR1),NA,NA,NA,TACGTAGGTCTCAAGCGTTATCCGGATTTACTGGGCGTAAAGTGTCCGTAGTCTGAATTGTAAGTCTGTTTTCAAATCCTACGACTCAATCGTAGAAAGGGAATGGATACTGCAATTCTGGAAGTATCTAGGGGTTAGTGGAATTTCCGGTGGAGCGGTGAAATGCGTTGATATCGGAAGGAACGCCGAAAGCGAAAGCAGCTAACTATAGAATACTTGACGATGAGGGACGACAGTTTGGGGAGCAAACAGG,ASV232
0.14382,0.14232,Bacteria,Fusobacteriota,Fusobacteriia,Fusobacteriales,Fusobacteriaceae,Fusobacterium,NA,TACGTATGTCCCAAGCGTTATCCGGATTTATTGGGCGTAAAGCGCGTCTAGGTGGTTATGTAAGTCTGATGTGAAAATGCAGGGCTCAACTCTGTATTGCGTTGGAAACTGTGTAACTAGAGTACTGGAGAGGTAAGCGGAACTACAAGTGTAGAGGTGAAATTCGTAGATATTTGTAGGAATGCCGATGGGGAAGCCAGCTTACTGGACAGATACTGACGCTGAAGCGCGAAAGCGTGGGTAGCAAACAGG,ASV250
-0.13628,-0.072969,Bacteria,Bacteroidota,Bacteroidia,Flavobacteriales,Flavobacteriaceae,Capnocytophaga,NA,TACGGAGGATGCGAGCGTTATTCGGAATCATTGGGTTTAAAGGGTCTGTAGGCGGGCTATTAAGTCAGGGGTGAAAGGTTTCAGCTTAACTGAGAAATTGCCTTTGATACTGGTAGTCTTGAATATCTGTGAAGTTCTTGGAATGTGTAGTGTAGCGGTGAAATGCTTAGATATTACACAGAACACCGATTGCGGAGGCAGGGGACTAACAGACAATTGACGCTGAGAGACGAAAGCGTGGGGAGCGAACAGG,ASV401
